|Y_article|_coordinates|_sent|a_head_form|a_head_number|a_head_pos|a_hypernyms|a_non_article_det|a_parent|a_pos_after_head|a_pos_before_head|a_referent|a_words_after_head|a_words_after_np|a_words_before_head|a_words_before_np|b_head_pos_simple|b_head_proper|b_is_postmodified|b_non_article_det_extended|b_postmodification_length|b_postmodification_pp_of|b_postmodification_type|b_postmodification_type_specific|b_predicate_form|b_referent|b_relative_position|Y_PREDICTED|Y_TRUE
24|ZERO|"data/parsed/22/wsj_2200.mrg|4|42"|`` Such agency ` self-help ' borrowing is unauthorized and expensive , far more expensive than [ direct Treasury borrowing , '' ] said Rep. Fortney Stark -LRB- D. , Calif. -RRB- , the bill 's chief sponsor .|Treasury|sg|NNP|[u'funds.n.01']||PP|"['VBG', ',', ""''""]"|['JJ']|True|"[u'borrow', ',', ""''""]"|[u'say', 'Rep.']|['direct']|['expensive', 'than']|NN|True|False|False|0|False|||is||0.484848484848|THE|ZERO
109|ZERO|"data/parsed/22/wsj_2200.mrg|18|35"|`` That secrecy leads to a proposal like the one from [ Ways and Means , ] which seems to me sort of draconian , '' he said .|Means|sg|NNP|[u'implementation.n.02']||NP|[',']|['NNPS', 'CC']|False|[',']|['which', u'seem']|['Ways', 'and']|['one', 'from']|NN|True|True|False|9|False|SBAR|which|leads||0.458333333333|THE|ZERO
114|ZERO|"data/parsed/22/wsj_2200.mrg|19|40"|`` The RTC is going to have to pay a price of [ prior consultation ] on the Hill if they want that kind of flexibility . ''|consultation|sg|NN|[u'conference.n.03']||NP|[]|['JJ']|False|[]|['on']|['prior']|['price', 'of']|NN|False|True|False|3|False|PP|on|to|False|0.48|THE|ZERO
168|ZERO|"data/parsed/22/wsj_2201.mrg|9|23"|It considered running them during tomorrow [ night 's ] World Series broadcast but decided not to when the market recovered yesterday .|night|sg|NN|[u'time_period.n.01']||NPB|['POS']|[]|True|"[""'s""]"|['World', 'Series']|[]|['during', 'tomorrow']|NN|False|False|False|0|False|||running|True|0.3|THE|ZERO
187|ZERO|"data/parsed/22/wsj_2201.mrg|13|34"|Fidelity , for example , prepared ads several months ago in [ case ] of a market plunge .|case|sg|NN|[u'happening.n.01']||NP|[]|[]|False|[]|['of']|[]|['ago', 'in']|NN|False|True|False|5|True|PP|of|prepared|False|0.647058823529|THE|ZERO
195|ZERO|"data/parsed/22/wsj_2201.mrg|14|63"|When the market went into its free fall Friday afternoon , the investment firm ordered full pages in the Monday editions of [ half a dozen newspapers . ]|newspaper|pl|NN|[u'press.n.02']||PP|['.']|['PDT', 'NN']|False|['.']|[]|['half', 'dozen']|[u'edition', 'of']|NN|False|False|False|0|False|||ordered|False|0.95652173913|THE|ZERO
237|ZERO|"data/parsed/22/wsj_2201.mrg|23|33"|It goes on to plug a few diversified Fidelity funds by [ name . ]|name|sg|NN|[u'language_unit.n.01']||PP|['.']|[]|False|['.']|[]|[]|[u'fund', 'by']|NN|False|False|False|0|False|||to|False|0.916666666667|THE|ZERO
450|ZERO|"data/parsed/22/wsj_2202.mrg|5|6"|In [ game two , ] on a cool Sunday evening in this land of perpetual autumn , a lot of the catching up was done by the A 's catcher , Terry Steinbach .|game|sg|NN|[u'activity.n.01']||PP|['CD', ',']|[]|True|['two', ',']|['on']|[]|['In']|NN|False|False|False|0|False|||was|True|0.0322580645161|THE|ZERO
486|ZERO|"data/parsed/22/wsj_2202.mrg|9|67"|On Saturday night , quite a few of the boys in green and gold salted away successes to salve the pain of [ past ] and , no doubt , future droughts .|past|sg|NN|[u'time.n.05']||PP|[]|[]|False|[]|['and', ',']|[]|['pain', 'of']|NN|False|False|False|0|False|||to|False|0.709677419355|THE|ZERO
536|ZERO|"data/parsed/22/wsj_2202.mrg|15|5"|[ `` Every guy ] they put out there had a better split-finger than the guy before , '' marveled Giant manager Roger Craig .|guy|sg|NN|[u'man.n.01']|every|NP|[]|['``']|False|[]|['they', 'put']|['``']|[]|NN|False|True|True|4|False|SBAR|they|had|False|0.0|THE|ZERO
555|ZERO|"data/parsed/22/wsj_2202.mrg|17|55"|The upshot of the downshoot is that the A 's go into San Francisco 's Candlestick Park tonight up [ two games ] to none in the best-of-seven fest .|game|pl|NN|[u'activity.n.01']||PP|[]|['CD']|False|[]|['to', 'none']|['two']|['tonight', 'up']|NN|False|False|False|0|False|||go|False|0.703703703704|THE|ZERO
584|ZERO|"data/parsed/22/wsj_2202.mrg|21|27"|Partisans of the two combatants sat side by [ side ] in the 49,000-plus seats of Oakland Coliseum , and while they cheered their favorites and booed the opposition , hostilities advanced no further , at least as far as I could see .|side|sg|NN|[u'region.n.01']||PP|[]|[]|False|[]|['in']|[]|['side', 'by']|NN|False|False|False|0|False|||sat|True|0.190476190476|THE|ZERO
622|ZERO|"data/parsed/22/wsj_2202.mrg|27|86"|I choose to believe it 's the latter , although it probably springs from the fact that just about everyone out here , including the A 's and [ Giants , ] is originally from somewhere else .|Giants|sg|NNP|[u'animal.n.01']||NP|[',']|[]|True|[',']|[u'be', 'originally']|[]|"[""'s"", 'and']"|NN|True|False|False|0|False|||is||0.8|THE|ZERO
635|ZERO|"data/parsed/22/wsj_2202.mrg|29|3"|[ Anyway , ] the A 's gave you a lot of heroes to root for .|Anyway|sg|NN|||S|[',']|[]|False|[',']|['A']|[]|[]|NN|False|False|False|0|False|||gave|False|0.0|THE|ZERO
646|ZERO|"data/parsed/22/wsj_2202.mrg|30|52"|In the opening game , besides Steinbach and Stewart , there was Walt Weiss , a twiggy-looking , [ second-year shortstop ] who had lost a couple months of the season to knee surgery .|shortstop|sg|NN|[u'infielder.n.01']||NP|[]|['JJ']|False|[]|['who', u'have']|['second-year']|['twiggy-looking', ',']|NN|False|True|False|13|False|SBAR|who|was|False|0.5625|THE|ZERO
652|ZERO|"data/parsed/22/wsj_2202.mrg|31|20"|He was flawless afield -LRB- [ ditto ] in game two -RRB- , moved a runner along in the A 's three-run second inning , and homered for his team 's final tally .|ditto|sg|NN|[u'mark.n.10']||NP|[]|[]|False|[]|['in', 'game']|[]|['afield', '-LRB-']|NN|False|True|False|3|False|PP|in|was|False|0.15625|THE|ZERO
653|ZERO|"data/parsed/22/wsj_2202.mrg|31|26"|He was flawless afield -LRB- ditto in [ game two ] -RRB- , moved a runner along in the A 's three-run second inning , and homered for his team 's final tally .|game|sg|NN|[u'activity.n.01']||PP|['CD']|[]|True|['two']|['-RRB-', ',']|[]|['ditto', 'in']|NN|False|False|False|0|False|||was|True|0.225806451613|THE|ZERO
659|ZERO|"data/parsed/22/wsj_2202.mrg|32|3"|[ Such ] is his reputation among the East Bay Bashers that when he hit his first career home run last season , the fan who caught it agreed to turn the ball over to him in return for an autograph .|Such||JJ|||S|[]|[]|False|[]|[u'be', 'his']|[]|[]|JJ|False|False|False|0|False|||is||0.0|THE|ZERO
664|ZERO|"data/parsed/22/wsj_2202.mrg|32|54"|Such is his reputation among the East Bay Bashers that when he hit his first career home run [ last season , ] the fan who caught it agreed to turn the ball over to him in return for an autograph .|season|sg|NN|[u'time_period.n.01']||VP|[',']|['JJ']|True|[',']|['fan']|['last']|['home', 'run']|NN|False|False|False|0|False|||hit|True|0.473684210526|THE|ZERO
669|ZERO|"data/parsed/22/wsj_2202.mrg|32|106"|Such is his reputation among the East Bay Bashers that when he hit his first career home run last season , the fan who caught it agreed to turn the ball over to him in [ return ] for an autograph .|return|sg|NN|[u'legal_document.n.01']||NP|[]|[]|False|[]|['for']|[]|['him', 'in']|NN|False|True|False|4|False|PP|for|to|False|0.875|THE|ZERO
706|ZERO|"data/parsed/22/wsj_2202.mrg|38|31"|They combined for 25 hits , six home runs and [ 24 runs ] batted in in the five games against the Cubs .|run|pl|NN|[u'score.n.10']||NP|[]|['CD']|True|[]|[u'bat', 'in']|['<number>']|[u'run', 'and']|NN|False|True|False|10|False|VP|batted|combined|True|0.47619047619|THE|ZERO
713|ZERO|"data/parsed/22/wsj_2202.mrg|40|15"|It 's that [ last set ] of numbers , as much as anything else , that gives the Giants hope in the Series games to come .|set|sg|NN|[u'collection.n.01']||NP|[]|['JJ']|True|[]|['of', u'number']|['last']|"[""'s"", 'that']"|NN|False|True|False|3|True|PP|of|gives|True|0.12|THE|ZERO
718|ZERO|"data/parsed/22/wsj_2202.mrg|40|56"|It 's that last set of numbers , as much as anything else , that gives the Giants [ hope ] in the Series games to come .|hope|sg|NN|[u'anticipation.n.01']||NP|[]|[]|False|[]|['in']|[]|['Giants']|NN|False|True|False|4|False|PP|in|gives|False|0.692307692308|THE|ZERO
723|ZERO|"data/parsed/22/wsj_2202.mrg|41|34"|`` I believe in the law of averages , '' declared [ San Francisco batting coach ] Dusty Baker after game two .|coach|sg|NN|[u'trainer.n.01']||VP|[]|['NNP', 'NNP', 'NN']|False|[]|['Dusty', 'Baker']|['San', 'Francisco', 'batting']|"[""''"", u'declare']"|NN|False|False|False|0|False||||False|0.611111111111|THE|ZERO
725|ZERO|"data/parsed/22/wsj_2202.mrg|41|51"|`` I believe in the law of averages , '' declared San Francisco batting coach Dusty Baker after [ game two . ]|game|sg|NN|[u'activity.n.01']||PP|['CD', '.']|[]|True|['two', '.']|[]|[]|['Baker', 'after']|NN|False|False|False|0|False||||True|0.947368421053|THE|ZERO
799|ZERO|"data/parsed/22/wsj_2203.mrg|10|96"|In addition to a general slowing of the computer industry , NCR , which sells automated teller machines and computerized cash registers , is also affected by the retail and financial sectors , `` [ areas ] of the economy that have generally not been robust , '' notes S Sanjiv G. Hingorani , an analyst for Salomon Brothers Inc .|area|pl|NN|[u'region.n.03']||NP|[]|[]|False|[]|['of']|[]|[',', '``']|NN|False|True|False|11|True|PP|of|is|False|0.576271186441|THE|ZERO
859|ZERO|"data/parsed/22/wsj_2204.mrg|1|38"|Concerning your Sept. 19 article `` Wall Street Firms Link Analysts ' Pay to [ Performance , '' ] I 'm delighted that Wall Street is finally tuning in to the hard , cold facts of the real working world .|Performance|sg|NN|[u'show.n.03']||PP|"[',', ""''""]"|[]|False|"[',', ""''""]"|"['I', ""'m""]"|[]|['Pay', 'to']|NN|False|False|False|0|False|||'m|False|0.378378378378|THE|ZERO
867|ZERO|"data/parsed/22/wsj_2204.mrg|2|57"|If the firms are serious , however , why limit the practice to the poor , maligned analysts whose [ ability ] to see into the future is fragile at best ?|ability|sg|NN|[u'quality.n.01']||NP|[]|[]|False|[]|['to', 'see']|[]|[u'analyst', 'whose']|NN|False|True|False|5|False|S|to|limit|False|0.633333333333|THE|ZERO
881|ZERO|"data/parsed/22/wsj_2204.mrg|4|49"|That should stop a lot of account-churning , and produce a stock market driven only by [ professional concern , ] careful thought and good sense .|concern|sg|NN|[u'interest.n.01']||PP|[',']|['JJ']|False|[',']|['careful', 'thought']|['professional']|['only', 'by']|NN|False|False|False|0|False|||should|False|0.695652173913|THE|ZERO
970|ZERO|"data/parsed/22/wsj_2205.mrg|16|4"|[ Red figures ] on the screens indicated falling stocks ; blue figures , rising stocks .|figure|pl|NN|[u'illustration.n.01']||NP|[]|['JJ']|False|[]|['on']|['Red']|[]|NN|False|True|False|3|False|PP|on|indicated|False|0.0|THE|ZERO
982|ZERO|"data/parsed/22/wsj_2205.mrg|18|13"|`` I see [ concern , ] but I do n't see any panic , '' said Mr. Palamara , a big , good-humored New York native who runs the 15-trader office .|concern|sg|NN|[u'interest.n.01']||VP|[',']|[]|False|[',']|['but', 'I']|[]|['I', 'see']|NN|False|False|False|0|False|||see|False|0.1|THE|ZERO
992|ZERO|"data/parsed/22/wsj_2205.mrg|19|55"|The Jefferies office , a branch of the Los Angeles-based firm , played it conservatively , seeking to avoid [ risk . ]|risk|sg|NN|[u'danger.n.03']||VP|['.']|[]|False|['.']|[]|[]|['to', 'avoid']|NN|False|False|False|0|False|||to|False|0.95|THE|ZERO
995|ZERO|"data/parsed/22/wsj_2205.mrg|20|23"|`` This is not the sort of [ market ] to have a big position in , '' said David Smith , who heads trading in all non-U.S. stocks .|market|sg|NN|[u'activity.n.01']||PP|[]|[]|True|[]|['to', 'have']|[]|['sort', 'of']|NN|False|False|False|0|False|||is|True|0.25|THE|ZERO
1025|ZERO|"data/parsed/22/wsj_2205.mrg|26|14"|On the screens , [ only two forlorn blue figures ] remained , but the index had recovered a few points and was off about 140 .|figure|pl|NN|[u'illustration.n.01']||S|[]|['RB', 'CD', 'JJ', 'JJ']|False|[]|[u'remain', ',']|['only', 'two', 'forlorn', 'blue']|[u'screen', ',']|NN|False|False|False|0|False|||remained|False|0.190476190476|THE|ZERO
1157|ZERO|"data/parsed/22/wsj_2205.mrg|55|9"|Then , [ nine minutes ] later , Wall Street suddenly rebounded to a gain on the day .|minute|pl|NN|[u'written_record.n.01']||ADVP|[]|['CD']|True|[]|['later', ',']|['nine']|['Then', ',']|NN|False|False|False|0|False|||rebounded|True|0.125|THE|ZERO
1210|ZERO|"data/parsed/22/wsj_2207.mrg|2|27"|The collapsed plan to acquire UAL Corp. , [ parent ] of United Airlines , spurred quick action on the legislation , introduced Wednesday and approved by the subcommittee on a voice vote yesterday .|parent|sg|NN|[u'genitor.n.01']||NP|[]|[]|False|[]|['of', 'United']|[]|['Corp.', ',']|NN|False|True|False|4|True|PP|of|to|False|0.242424242424|THE|ZERO
1276|ZERO|"data/parsed/22/wsj_2207.mrg|11|20"|Aides both in the House and [ Senate ] said the withdrawal of the Trump bid for AMR is n't likely to deflate efforts to push the legislation .|Senate|sg|NNP|[u'legislature.n.01']||NP|[]|[]|False|[]|[u'say']|[]|['House', 'and']|NN|True|False|False|0|False|||said||0.222222222222|THE|ZERO
1328|ZERO|"data/parsed/22/wsj_2207.mrg|18|107"|The bill would allow the secretary to reject a buy-out if sufficient information has n't been provided , or if the buy-out is likely to weaken the carrier financially , result in a substantial reduction in [ size ] of the airline through disposal of assets , or give control to a foreign interest .|size|sg|NN|[u'magnitude.n.01']||NP|[]|[]|False|[]|['of']|[]|['reduction', 'in']|NN|False|True|False|3|True|PP|of|to|False|0.679245283019|THE|ZERO
1330|ZERO|"data/parsed/22/wsj_2207.mrg|18|122"|The bill would allow the secretary to reject a buy-out if sufficient information has n't been provided , or if the buy-out is likely to weaken the carrier financially , result in a substantial reduction in size of the airline through [ disposal ] of assets , or give control to a foreign interest .|disposal|sg|NN|[u'power.n.01']||NP|[]|[]|False|[]|['of', u'asset']|[]|['airline', 'through']|NN|False|True|False|3|True|PP|of|to|False|0.77358490566|THE|ZERO
1336|ZERO|"data/parsed/22/wsj_2207.mrg|19|32"|If more information is needed , the secretary would have [ authority ] to extend the review period 20 days .|authority|sg|NN|[u'control.n.01']||NP|[]|[]|True|[]|['to', 'extend']|[]|['would', 'have']|NN|False|True|False|8|False|S|to|would|True|0.526315789474|THE|ZERO
1383|ZERO|"data/parsed/22/wsj_2208.mrg|3|20"|`` We 're encouraged that [ talks ] are scheduled again but beyond that , we have made no expression of expectations , '' a Boeing spokesman said .|talk|pl|NN|[u'discussion.n.02']||S|[]|[]|True|[]|[u'be', u'schedule']|[]|[u'encourage', 'that']|NN|False|False|False|0|False|||are|True|0.185185185185|THE|ZERO
1403|ZERO|"data/parsed/22/wsj_2208.mrg|6|33"|Now in its 13th day , the strike has idled about [ 55,000 machinists ] and has started to delay delivery of some jetliners .|machinist|pl|NN|[u'craftsman.n.03']||PP|[]|['CD']|True|[]|['and', u'have']|['55,000']|[u'idle', 'about']|NN|False|False|False|0|False|||has|True|0.5|THE|ZERO
1412|ZERO|"data/parsed/22/wsj_2208.mrg|8|17"|After the third week on [ strike , ] union members will begin receiving $ 100 a week from the fund .|strike|sg|NN|[u'job_action.n.01']||PP|[',']|[]|True|[',']|['union', u'member']|[]|['week', 'on']|NN|False|False|False|0|False|||will|True|0.263157894737|THE|ZERO
1417|ZERO|"data/parsed/22/wsj_2208.mrg|9|4"|[ Work ] at Boeing continues with supervisors and other non-striking personnel manning the lines .|Work|sg|NN|[u'activity.n.01']||NP|[]|[]|False|[]|['at', 'Boeing']|[]|[]|NN|False|True|False|2|False|PP|at|continues|False|0.0|THE|ZERO
1478|ZERO|"data/parsed/22/wsj_2209.mrg|7|30"|The company 's restructuring includes plans to split into [ three sectors , ] to phase out domestic printer manufacturing operations and to sell its New England subsidiary .|sector|pl|NN|[u'plane_figure.n.01']||PP|[',']|['CD']|False|[',']|['to', 'phase']|['three']|['split', 'into']|NN|False|False|False|0|False|||to|False|0.36|THE|ZERO
1625|ZERO|"data/parsed/22/wsj_2210.mrg|24|50"|Institutional investors and bankers , many of whom spent the night before in their offices watching [ Far Eastern markets , ] were cautiously optimistic after the mild 1.8 % decline in Tokyo stock prices .|market|pl|NN|[u'activity.n.01']||VP|[',']|['JJ', 'JJ']|True|[',']|[u'be', 'cautiously']|['Far', 'Eastern']|[u'office', u'watch']|NN|False|False|False|0|False|||watching|True|0.516129032258|THE|ZERO
1959|ZERO|"data/parsed/22/wsj_2211.mrg|32|58"|Last week , the banking company said it purchased both Freedom Savings & Loan Association , Tampa , Fla. , and [ University Federal Savings Association ] of San Antonio , Texas , for $ 169.4 million .|Association|sg|NNP|[u'organization.n.01']||NP|[]|['NNP', 'NNP', 'NNP']|False|[]|['of', 'San']|['University', 'Federal', 'Savings']|[',', 'and']|NN|True|True|False|6|True|PP|of|purchased||0.636363636364|THE|ZERO
2069|ZERO|"data/parsed/22/wsj_2212.mrg|1|80"|LIN Broadcasting Corp. said it wo n't take a position on a revised tender offer by McCaw Cellular Communications Inc. to buy LIN and has asked for [ clarification ] of the offer .|clarification|sg|NN|[u'interpretation.n.03']||NP|[]|[]|False|[]|['of']|[]|[u'ask', 'for']|NN|False|True|False|4|True|PP|of|wo|False|0.84375|THE|ZERO
2138|ZERO|"data/parsed/22/wsj_2213.mrg|2|100"|In a letter filed with the Securities and Exchange Commission , the group , which holds about 4.5 million Telerate shares , or about 4.7 % of the shares outstanding , said `` ... at [ present ] none of us believes an offer for less than $ 25 per share would be fair and some believe that $ 25 is too low . ''|present|sg|NN|[u'time.n.05']||PP|[]|[]|False|[]|['none', 'of']|[]|['...', 'at']|NN|False|False|False|0|False|||believes|False|0.555555555556|THE|ZERO
2156|ZERO|"data/parsed/22/wsj_2213.mrg|5|13"|Dow Jones , [ publisher ] of The Wall Street Journal , has launched an $ 18-a-share , or $ 576 million , tender offer to acquire the remaining Telerate shares outstanding ; Dow Jones owns 67 % of Telerate .|publisher|sg|NN|[u'firm.n.01']||NP|[]|[]|False|[]|['of']|[]|['Jones', ',']|NN|False|True|False|6|True|PP|of|has|False|0.0769230769231|THE|ZERO
2215|ZERO|"data/parsed/22/wsj_2214.mrg|3|72"|If a solution is n't reached by then , she said , the U.S. would have the right to suspend some trade concessions to [ Canada equivalent ] in value to the losses suffered by U.S. fish-processing companies in Alaska and the Pacific Northwest .|equivalent|sg|NN|[u'cognition.n.01']||NP|[]|['NNP']|False|[]|['in', 'value']|['Canada']|[u'concession', 'to']|NN|False|True|False|17|False|PP|in|to|False|0.571428571429|THE|ZERO
2216|ZERO|"data/parsed/22/wsj_2214.mrg|3|81"|If a solution is n't reached by then , she said , the U.S. would have the right to suspend some trade concessions to Canada equivalent in [ value ] to the losses suffered by U.S. fish-processing companies in Alaska and the Pacific Northwest .|value|sg|NN|[u'numerical_quantity.n.01']||NP|[]|[]|False|[]|['to']|[]|['equivalent', 'in']|NN|False|True|False|15|False|PP|to|to|False|0.627906976744|THE|ZERO
2285|ZERO|"data/parsed/22/wsj_2215.mrg|2|17"|To spend a carefree , [ idle day , ] When duty calls , to pay no heed , To while the precious hours away -- Character is what you need .|day|sg|NN|[u'time_unit.n.01']||S|[',']|['JJ']|False|[',']|['When', 'duty']|['idle']|['carefree', ',']|NN|False|False|False|0|False|||is|False|0.178571428571|THE|ZERO
2309|ZERO|"data/parsed/22/wsj_2216.mrg|2|45"|The plan would permit the bank holding company to retire its bank and debenture obligations through [ exchanges ] of cash and equity .|exchange|pl|NN|[u'chemical_phenomenon.n.01']||NP|[]|[]|False|[]|['of', 'cash']|[]|[u'obligation', 'through']|NN|False|True|False|5|True|PP|of|to|False|0.727272727273|THE|ZERO
2318|ZERO|"data/parsed/22/wsj_2216.mrg|3|62"|The FDIC , which in 1986 provided $ 130 million in open-bank assistance to BancOklahoma 's Bank of Oklahoma , [ Tulsa , unit ] will continue to maintain $ 90 million in preferred stock in the Tulsa bank unit .|unit|sg|NN|[u'definite_quantity.n.01']||S|[]|['NNP', ',']|False|[]|['will', 'continue']|['Tulsa', ',']|['Oklahoma', ',']|NN|False|False|False|0|False|||will|False|0.540540540541|THE|ZERO
2322|ZERO|"data/parsed/22/wsj_2216.mrg|4|7"|In [ exchange ] for the other $ 40 million , the FDIC will receive additional warrants entitling it to buy 60 % of BancOklahoma 's common stock outstanding , up from the 55 % option the FDIC received under terms of the 1986 capital infusion .|exchange|sg|NN|[u'chemical_phenomenon.n.01']||NP|[]|[]|True|[]|['for']|[]|['In']|NN|False|True|False|7|False|PP|for|will|True|0.0222222222222|THE|ZERO
2334|ZERO|"data/parsed/22/wsj_2216.mrg|5|8"|In [ exchange ] for the $ 76 million they are owed , creditor banks will receive 3.9 million shares of BancOklahoma common stock and the proceeds from the future sales of four subsidiary banks to private buyers , the bank holding company said S .|exchange|sg|NN|[u'chemical_phenomenon.n.01']||NP|[]|[]|True|[]|['for']|[]|['In']|NN|False|True|False|9|False|PP|for|will|True|0.0227272727273|THE|ZERO
2337|ZERO|"data/parsed/22/wsj_2216.mrg|5|38"|In exchange for the $ 76 million they are owed , [ creditor banks ] will receive 3.9 million shares of BancOklahoma common stock and the proceeds from the future sales of four subsidiary banks to private buyers , the bank holding company said S .|bank|pl|NN|[]||S|[]|['NN']|True|[]|['will', 'receive']|['creditor']|[u'owe', ',']|NN|False|False|False|0|False|||will|True|0.255813953488|THE|ZERO
2350|ZERO|"data/parsed/22/wsj_2216.mrg|6|50"|Also under the agreement , debenture holders will get one million shares of common stock in [ exchange ] for $ 7.7 million in debentures and holders of BancOklahoma 's series A preferred stock will receive 1.25 shares of common stock for every share of preferred they own , the company said S .|exchange|sg|NN|[u'chemical_phenomenon.n.01']||NP|[]|[]|True|[]|['for', '$']|[]|['stock', 'in']|NN|False|True|False|6|False|PP|for|will|True|0.307692307692|THE|ZERO
2391|ZERO|"data/parsed/22/wsj_2218.mrg|2|7"|Under [ terms ] of the offer , the sporting goods maker will swap $ 9 face amount of 9 1\\/4 % subordinated notes due 1996 and one warrant for each common share .|term|pl|NN|[u'status.n.01']||NP|[]|[]|False|[]|['of']|[]|['Under']|NN|False|True|False|4|True|PP|of|will|False|0.03125|THE|ZERO
2409|ZERO|"data/parsed/22/wsj_2218.mrg|5|17"|BSN also is offering [ $ 850 face amount ] of new notes and 64 common-stock warrants for each $ 1,000 face amount of its convertible debt outstanding .|amount|sg|NN|[u'assets.n.01']||NP|[]|['$', 'CD', 'NN']|True|[]|['of', 'new']|['$', '<number>', 'face']|[u'be', u'offer']|NN|False|True|False|3|True|PP|of|is|True|0.166666666667|THE|ZERO
2582|ZERO|"data/parsed/22/wsj_2220.mrg|2|28"|Purchase of the 76-story structure is subject to [ execution ] of a definitive agreement , approval by the boards of Seafirst and its parent company BankAmerica Corp. , and approval by regulators .|execution|sg|NN|[u'corporal_punishment.n.01']||NP|[]|[]|False|[]|['of']|[]|['subject', 'to']|NN|False|True|False|5|True|PP|of|is|False|0.25|THE|ZERO
2597|ZERO|"data/parsed/22/wsj_2221.mrg|2|65"|Individual investors , investment firms and arbitragers who speculate in the stocks of takeover candidates can suffer liquidity and payment problems when [ stocks dive ; ] those investors often borrow heavily to buy their holdings and use the stocks as collateral for loans .|dive|sg|NN|[u'cabaret.n.01']||S|[':']|['NNS']|False|[';']|['those', u'investor']|[u'stock']|[u'problem', 'when']|NN|False|False|False|0|False|||borrow|False|0.536585365854|THE|ZERO
2630|ZERO|"data/parsed/22/wsj_2222.mrg|1|21"|What happened Friday shows that [ financial markets ] are not yet sufficiently coordinated to handle another meltdown in prices .|market|pl|NN|[u'activity.n.01']||S|[]|['JJ']|False|[]|[u'be', 'not']|['financial']|[u'show', 'that']|NN|False|False|False|0|False|||are|False|0.277777777778|THE|ZERO
2635|ZERO|"data/parsed/22/wsj_2222.mrg|2|28"|No fiddling with systems and procedures will ever prevent [ markets ] from suffering a panic wave of selling .|market|pl|NN|[u'activity.n.01']||VP|[]|[]|True|[]|['from', u'suffer']|[]|['ever', 'prevent']|NN|False|False|False|0|False|||will|True|0.5|THE|ZERO
2638|ZERO|"data/parsed/22/wsj_2222.mrg|3|5"|But [ markets ] can operate with greater or lesser efficiency .|market|pl|NN|[u'activity.n.01']||S|[]|[]|True|[]|['can', 'operate']|[]|['But']|NN|False|False|False|0|False|||can|True|0.1|THE|ZERO
2641|ZERO|"data/parsed/22/wsj_2222.mrg|4|15"|After the 1987 plunge , [ markets ] agreed that it would be wise to halt trading whenever panic conditions arose .|market|pl|NN|[u'activity.n.01']||S|[]|[]|True|[]|[u'agree', 'that']|[]|['plunge', ',']|NN|False|False|False|0|False|||agreed|True|0.25|THE|ZERO
2674|ZERO|"data/parsed/22/wsj_2222.mrg|9|31"|But there is also the possibility that shutting down [ markets ] will intensify fears and cause an even more abrupt slide in prices .|market|pl|NN|[u'activity.n.01']||VP|[]|[]|True|[]|['will', 'intensify']|[]|[u'shut', 'down']|NN|False|False|False|0|False|||shutting|True|0.391304347826|THE|ZERO
2690|ZERO|"data/parsed/22/wsj_2222.mrg|12|3"|[ Options markets ] stopped trading in many securities .|market|pl|NN|[u'activity.n.01']||S|[]|['NNS']|True|[]|[u'stop', u'trade']|['Options']|[]|NN|False|False|False|0|False|||stopped|True|0.0|THE|ZERO
2719|ZERO|"data/parsed/22/wsj_2222.mrg|20|10"|It is [ time ] to recognize that the New York Stock Exchange , the futures markets and the options markets , though physically separate , have actually become so closely intertwined as to constitute one market effectively .|time|sg|NN|[u'case.n.01']||NP|[]|[]|False|[]|['to', 'recognize']|[]|['It', u'be']|NN|False|True|False|34|False|SBAR|to|is|False|0.0540540540541|THE|ZERO
2744|ZERO|"data/parsed/22/wsj_2222.mrg|25|10"|It 's [ time ] for the exchanges and the Securities and Exchange Commission to agree on joint conditions for halting trading or staying open .|time|sg|NN|[u'case.n.01']||NP|[]|[]|True|[]|['for']|[]|"['It', ""'s""]"|NN|False|True|False|21|False|SBAR|for|'s|True|0.0833333333333|THE|ZERO
2748|ZERO|"data/parsed/22/wsj_2222.mrg|25|54"|It 's time for the exchanges and the Securities and Exchange Commission to agree on joint conditions for [ halting trading or staying open . ]|open|sg|NN|[u'area.n.01']||PP|['.']|['NN', 'NN', 'CC', 'NN']|True|['.']|[]|['halting', 'trading', 'or', 'staying']|[u'condition', 'for']|NN|False|False|False|0|False|||to|True|0.947368421053|THE|ZERO
2769|ZERO|"data/parsed/22/wsj_2222.mrg|29|22"|The rules should be established by [ agreement ] of the officials of all affected exchanges acting under the oversight and with the approval of the government regulatory agencies .|agreement|sg|NN|[u'statement.n.01']||NP|[]|[]|False|[]|['of']|[]|[u'establish', 'by']|NN|False|True|False|7|True|PP|of|should|False|0.214285714286|THE|ZERO
2780|ZERO|"data/parsed/22/wsj_2222.mrg|30|101"|Should the SEC and the Commodities Futures Trading Commission -LRB- which , with the SEC , regulates the Chicago stock-index markets -RRB- be unable to agree , the issue may have to be resolved by [ decision ] of the Treasury secretary .|decision|sg|NN|[u'choice.n.02']||NP|[]|[]|False|[]|['of']|[]|[u'resolve', 'by']|NN|False|True|False|5|True|PP|of|to|False|0.853658536585|THE|ZERO
2793|ZERO|"data/parsed/22/wsj_2222.mrg|33|4"|[ Telephone service ] has been improved for customers trying to reach their brokers , and specialists -- who I believe should stay , despite the urgings of some post-crash critics -- have larger capital positions .|service|sg|NN|[u'work.n.01']||S|[]|['NNP']|False|[]|[u'have', u'be']|['Telephone']|[]|NN|False|False|False|0|False|||has|False|0.0|THE|ZERO
2847|ZERO|"data/parsed/22/wsj_2223.mrg|4|21"|FMC Corp. and Baxter International say [ unions ] also wo n't like plant relocations and needed restructuring , which means layoffs .|union|pl|NN|[u'organization.n.01']||S|[]|[]|True|[]|['also', 'wo']|[]|['International', 'say']|NN|False|False|False|0|False|||wo|True|0.285714285714|THE|ZERO
2848|ZERO|"data/parsed/22/wsj_2223.mrg|4|36"|FMC Corp. and Baxter International say unions also wo n't like [ plant relocations and needed restructuring , ] which means layoffs .|restructuring|sg|NN|||NP|[',']|['NN', 'NNS', 'CC', 'JJ']|False|[',']|['which', u'mean']|['plant', u'relocation', 'and', 'needed']|"[""n't"", 'like']"|NN|False|True|False|4|False|SBAR|which|wo|False|0.6875|THE|ZERO
2854|ZERO|"data/parsed/22/wsj_2223.mrg|5|65"|Many employers have already begun moving to southern countries such as Spain and Italy , where wages are low and [ unions ] are weaker ; demand for trained labor and managers will rise there , FMC says S .|union|pl|NN|[u'organization.n.01']||S|[]|[]|True|[]|[u'be', u'weak']|[]|['low', 'and']|NN|False|False|False|0|False|||are|True|0.526315789474|THE|ZERO
2878|ZERO|"data/parsed/22/wsj_2223.mrg|9|40"|The players were heckled by a patron during a July 4 , 1988 , [ game ] with the Martinsville Phillies .|game|sg|NN|[u'activity.n.01']||NP|[]|[]|False|[]|['with']|[]|['<number>', ',']|NN|False|True|False|5|False|PP|with|were|False|0.7|THE|ZERO
2916|ZERO|"data/parsed/22/wsj_2223.mrg|16|12"|An Association of [ Academic Health Centers report ] urges freeing nurses from duties that do n't require special skills .|report|sg|NN|[u'document.n.01']||PP|[]|['NNP', 'NNP', 'NNPS']|False|[]|[u'urge', u'free']|['Academic', 'Health', 'Centers']|['Association', 'of']|NN|False|False|False|0|False|||urges|False|0.1875|THE|ZERO
2944|ZERO|"data/parsed/22/wsj_2223.mrg|20|22"|Many also use recruiting bonuses , [ tuition reimbursement , ] loan repayment or child-care help .|reimbursement|sg|NN|[u'compensation.n.01']||NP|[',']|['NN']|False|[',']|['loan', 'repayment']|['tuition']|[u'bonus', ',']|NN|False|True|False|6|False|NPB|loan|use|False|0.461538461538|THE|ZERO
2957|ZERO|"data/parsed/22/wsj_2223.mrg|23|47"|TREATING EMPLOYEES with respect is crucial for managers , says S consultant Hay Group after [ surveys ] of a million workers .|survey|pl|NN|[u'examination.n.01']||NP|[]|[]|True|[]|['of']|[]|['Group', 'after']|NN|False|True|False|5|True|PP|of||True|0.714285714286|THE|ZERO
2975|ZERO|"data/parsed/22/wsj_2223.mrg|26|63"|SPRUCING UP THE DIGS : About 200 employees of the Maryland Department of Economic and Employment Development for four months painted [ walls , ] polished and carpeted floors , bought plants , cleaned windows and blinds , and hung pictures at the agency 's Baltimore office .|wall|pl|NN|[u'partition.n.01']||S|[',']|[]|False|[',']|[u'polish', 'and']|[]|[u'month', u'paint']|NN|False|False|False|0|False|||bought|False|0.466666666667|THE|ZERO
2990|ZERO|"data/parsed/22/wsj_2223.mrg|28|50"|CURBING WAGE BOOSTS will get high priority again in 1990 collective bargaining , a Bureau of [ National Affairs survey ] of 250 companies with pacts expiring next year indicates S .|survey|sg|NN|[u'examination.n.01']||NP|[]|['NNP', 'NNP']|True|[]|['of', '<number>']|['National', 'Affairs']|['Bureau', 'of']|NN|False|True|False|8|True|PP|of|indicates|True|0.571428571429|THE|ZERO
2992|ZERO|"data/parsed/22/wsj_2223.mrg|28|70"|CURBING WAGE BOOSTS will get high priority again in 1990 collective bargaining , a Bureau of National Affairs survey of 250 companies with [ pacts ] expiring next year indicates S .|pact|pl|NN|[u'written_agreement.n.01']||S|[]|[]|False|[]|[u'expire', 'next']|[]|[u'company', 'with']|NN|False|False|False|0|False|||expiring|False|0.766666666667|THE|ZERO
3018|ZERO|"data/parsed/22/wsj_2223.mrg|32|3"|[ HOME-SALE LOSSES rise , ] but they 're often covered by employers .|rise|sg|NN|[u'emergence.n.01']||NP|[',']|['NNP', 'NNP']|False|[',']|['but', 'they']|['HOME-SALE', 'LOSSES']|[]|NN|False|True|False|1|False|CC|but||False|0.0|THE|ZERO
3022|ZERO|"data/parsed/22/wsj_2223.mrg|33|9"|But they [ search ] for ways to limit the damage .|search|sg|NN|[u'activity.n.01']||NP|[]|[]|False|[]|['for', u'way']|[]|['But', 'they']|NN|False|True|False|7|False|PP|for||False|0.2|THE|ZERO
3026|ZERO|"data/parsed/22/wsj_2223.mrg|34|13"|A third of [ 439 companies ] surveyed by the Employee Relocation Council report a rise in 1988 sales losses over 1987 .|company|pl|NN|[u'institution.n.01']||NP|[]|['CD']|False|[]|[u'survey', 'by']|['<number>']|['third', 'of']|NN|False|True|False|6|False|VP|surveyed|report|False|0.15|THE|ZERO
3050|ZERO|"data/parsed/22/wsj_2223.mrg|38|83"|Goodrich wo n't ensure loss coverage , but will prevent a `` catastrophic loss '' ; it has given some employees the full purchase price when values fell from [ concern ] over dangers posed by a disposal site .|concern|sg|NN|[u'interest.n.01']||NP|[]|[]|False|[]|['over', u'danger']|[]|['fell', 'from']|NN|False|True|False|8|False|PP|over|fell|False|0.763157894737|THE|ZERO
3070|ZERO|"data/parsed/22/wsj_2223.mrg|41|29"|THE CHECKOFF : The National Academy of Engineering gives [ two inventors ] of the semiconductor microchip a $ 350,000 achievement award ... .|inventor|pl|NN|[u'creator.n.02']||NP|[]|['CD']|False|[]|['of']|['two']|['Engineering', u'give']|NN|False|True|False|4|True|PP|of|gives|False|0.428571428571|THE|ZERO
3141|ZERO|"data/parsed/22/wsj_2224.mrg|10|85"|Of greater help , the Big Board chairman said SINV , was the `` natural circuit breaker '' of the weekend , that provided a breathing period that `` brought [ rationality ] back to the market .|rationality|sg|NN|[u'sanity.n.01']||VP|[]|[]|False|[]|['back', 'to']|[]|['``', u'bring']|NN|False|False|False|0|False|||brought|False|0.833333333333|THE|ZERO
3156|ZERO|"data/parsed/22/wsj_2225.mrg|4|4"|[ Chicken business ] is off largely because of more competition from grocery-store convenience food , home-delivered pizza and other takeout fare , says S a spokesman for the report , a publication of NPD Group , a market research firm in Port Washington , N.Y .|business|sg|NN|[u'enterprise.n.02']||S|[]|['NNP']|True|[]|[u'be', 'off']|['Chicken']|[]|NN|False|False|False|0|False|||is|True|0.0|THE|ZERO
3175|ZERO|"data/parsed/22/wsj_2225.mrg|6|5"|[ Church 's ] Fried Chicken Inc. and Popeye 's Famous Fried Chicken Inc. , which have merged , are still troubled by overlapping restaurant locations .|Church|sg|NNP|[u'religion.n.02']||NPB|['POS']|[]|False|"[""'s""]"|['Fried', 'Chicken']|[]|[]|NN|True|False|False|0|False|||are||0.0|THE|ZERO
3179|ZERO|"data/parsed/22/wsj_2225.mrg|7|3"|[ Chicken chains ] also are feeling more pressure from McDonald 's Corp. , which introduced its McChicken sandwich this year and recently tested the sale of individual pieces of chicken .|chain|pl|NN|[u'shackle.n.01']||S|[]|['NNP']|True|[]|['also', u'be']|['Chicken']|[]|NN|False|False|False|0|False|||are|True|0.0|THE|ZERO
3187|ZERO|"data/parsed/22/wsj_2225.mrg|7|84"|Chicken chains also are feeling more pressure from McDonald 's Corp. , which introduced its McChicken sandwich this year and recently tested the sale of individual pieces of [ chicken . ]|chicken|sg|NN|[u'poultry.n.02']||PP|['.']|[]|True|['.']|[]|[]|[u'piece', 'of']|NN|False|False|False|0|False|||introduced|True|0.965517241379|THE|ZERO
3199|ZERO|"data/parsed/22/wsj_2225.mrg|10|20"|Kentucky Fried Chicken also is testing [ home-delivery ] of chicken , which could be a hit with stay-at-home diners .|home-delivery|sg|NN|||NP|[]|[]|False|[]|['of', 'chicken']|[]|[u'be', u'test']|NN|False|True|False|12|True|PP|of|is|False|0.315789473684|THE|ZERO
3200|ZERO|"data/parsed/22/wsj_2225.mrg|10|27"|Kentucky Fried Chicken also is testing home-delivery of [ chicken , ] which could be a hit with stay-at-home diners .|chicken|sg|NN|[u'poultry.n.02']||NP|[',']|[]|True|[',']|['which', 'could']|[]|['home-delivery', 'of']|NN|False|True|False|9|False|SBAR|which|is|True|0.444444444444|THE|ZERO
3205|ZERO|"data/parsed/22/wsj_2225.mrg|11|31"|But some fast-food industry analysts say problems with keeping [ chicken ] warm and fresh must be solved first .|chicken||JJ|[u'poultry.n.02']||S|[]|[]|True|[]|['warm', 'and']|[]|['with', u'keep']|JJ|False|False|False|0|False|||warm||0.5|THE|ZERO
3320|ZERO|"data/parsed/22/wsj_2225.mrg|37|27"|That does n't thrill Procter & Gamble Co. , [ maker ] of Cascade dishwasher detergent .|maker|sg|NN|[u'creator.n.02']||NP|[]|[]|False|[]|['of', 'Cascade']|[]|['Co.', ',']|NN|False|True|False|5|True|PP|of|does|False|0.6|THE|ZERO
3325|ZERO|"data/parsed/22/wsj_2225.mrg|38|37"|A company spokesman questioned the validity of the list , noting that [ chlorine ] is present in all major dishwasher detergents .|chlorine|sg|NN|[u'chemical_element.n.01', u'gas.n.02', u'halogen.n.01']||S|[]|[]|False|[]|[u'be', 'present']|[]|[u'note', 'that']|NN|False|False|False|0|False|||is|False|0.571428571429|THE|ZERO
3354|ZERO|"data/parsed/22/wsj_2225.mrg|46|39"|Says Mr. Dahlen , `` We 'll still be forced to sell [ items ] we might not philosophically agree with . ''|item|pl|NN|[u'part.n.01']||NP|[]|[]|False|[]|['we', 'might']|[]|['to', 'sell']|NN|False|True|False|8|False|SBAR|we|to|False|0.571428571429|THE|ZERO
3435|ZERO|"data/parsed/22/wsj_2227.mrg|3|50"|Kent Colton , NAHB executive vice president , argues that the U.S. faces a multifaceted housing crisis -- [ reduced affordability ] of homes for first-time buyers , increased homelessness , and lower apartment construction rates -- that will be `` very difficult '' to solve `` without expanded federal resources . ''|affordability|sg|NN|||NP|[]|['JJ']|False|[]|['of', u'home']|['reduced']|['crisis', '--']|NN|False|True|False|6|True|PP|of|faces|False|0.36|THE|ZERO
3484|ZERO|"data/parsed/22/wsj_2227.mrg|13|14"|Moreover , explains one [ HUD official , ] the NAHB remains susceptible to internal pressure from members that specialize in subsidized production .|official|sg|NN|[u'skilled_worker.n.01']||SINV|[',']|['NNP']|False|[',']|['NAHB']|['HUD']|[u'explain', 'one']|NN|False|False|False|0|False||||False|0.2|THE|ZERO
3569|ZERO|"data/parsed/22/wsj_2227.mrg|25|33"|The association , a majority of whose 156,000 members build [ fewer than 25 units ] a year , is like many other business lobbies .|unit|pl|NN|[u'definite_quantity.n.01']||NP|[]|['JJR', 'IN', 'CD']|False|[]|['year']|[u'few', 'than', '<number>']|[u'member', 'build']|NN|False|True|False|3|False|NPB|a|build|False|0.47619047619|THE|ZERO
3576|ZERO|"data/parsed/22/wsj_2227.mrg|26|39"|Explains Sheila MacDonald of the National Taxpayers Union : `` It treads in [ two worlds . ]|world|pl|NN|[u'natural_object.n.01']||PP|['.']|['CD']|False|['.']|[]|['two']|[u'tread', 'in']|NN|False|False|False|0|False|||treads|False|0.928571428571|THE|ZERO
3599|ZERO|"data/parsed/22/wsj_2227.mrg|30|28"|As Mr. Colton of the NAHB acknowledges : `` [ Government ] is not going to solve the problem ... .|Government|sg|NN|[u'polity.n.02']||S|[]|[]|False|[]|[u'be', 'not']|[]|[':', '``']|NN|False|False|False|0|False|||is|False|0.473684210526|THE|ZERO
3617|ZERO|"data/parsed/22/wsj_2227.mrg|35|9"|-LRB- See [ related story : `` ] And Bills to Make Wishes Come True '' -- WSJ Oct. 17 , 1989 .|story|sg|NN|[u'message.n.02']||VP|[':', '``']|['VBN']|False|[':', '``']|['And', 'Bills']|[u'relate']|['-LRB-', 'See']|NN|False|False|False|0|False|||See|False|0.111111111111|THE|ZERO
3634|ZERO|"data/parsed/22/wsj_2228.mrg|2|37"|According to diplomatic sources in Brussels , most EC leaders agree that [ talks ] should begin in the second half of 1990 , and will make a declaration on that during a summit meeting in Strasbourg , France , on Dec. 8 and 9 .|talk|pl|NN|[u'discussion.n.02']||S|[]|[]|True|[]|['should', 'begin']|[]|['agree', 'that']|NN|False|False|False|0|False|||should|True|0.272727272727|THE|ZERO
3661|ZERO|"data/parsed/22/wsj_2228.mrg|6|80"|French President Francois Mitterrand fought to set a date for the conference during the EC summit in Madrid last June , but the move was scuttled because of [ opposition ] by Mrs. Thatcher and West German Chancellor Helmut Kohl .|opposition|sg|NN|[u'action.n.01']||PP|[]|[]|True|[]|['by', 'Mrs.']|[]|['because', 'of']|NN|False|False|False|0|False|||was|True|0.717948717949|THE|ZERO
3697|ZERO|"data/parsed/22/wsj_2229.mrg|6|21"|The ceremonies began Friday afternoon when [ word ] spread that the UAL buy-out was collapsing .|word|sg|NN|[u'language_unit.n.01']||S|[]|[]|False|[]|['spread', 'that']|[]|['afternoon', 'when']|NN|False|False|False|0|False|||spread|False|0.4|THE|ZERO
3715|ZERO|"data/parsed/22/wsj_2229.mrg|8|65"|Lots of other entries made up the parade , of course -- notably a surprisingly large increase in producer prices , signalling [ Federal Reserve tightness ; ] and the Bush administration 's -LRB- temporary ? -RRB- defeat in trying to lower the capital-gains tax .|tightness|sg|NN|[u'lack.n.01']||NP|[':']|['NNP', 'NNP']|False|[';']|['and']|['Federal', 'Reserve']|[',', u'signal']|NN|False|True|False|1|False|CC|and|signalling|False|0.536585365854|THE|ZERO
3722|ZERO|"data/parsed/22/wsj_2229.mrg|9|51"|As usual , few favorable reviews were heard for that ever-present marching band of program traders , although [ most serious studies ] suggest they only play the music that others write .|study|pl|NN|[u'examination.n.01']||S|[]|['RBS', 'JJ']|False|[]|['suggest', 'they']|['most', 'serious']|[',', 'although']|NN|False|False|False|0|False|||suggest|False|0.620689655172|THE|ZERO
3846|ZERO|"data/parsed/22/wsj_2229.mrg|27|19"|Is this a case where [ private markets ] are approving of Washington 's bashing of Wall Street ?|market|pl|NN|[u'activity.n.01']||S|[]|['JJ']|True|[]|[u'be', u'approve']|['private']|['case', 'where']|NN|False|False|False|0|False|||are|True|0.3125|THE|ZERO
3866|ZERO|"data/parsed/22/wsj_2229.mrg|30|73"|The national economic interests are much better served allowing the private interests of bankers and investors be the ultimate judges of the investment quality of [ various LBO deals ] and leveraged restructurings .|deal|pl|NN|[u'transaction.n.01']||PP|[]|['JJ', 'NNP']|True|[]|['and', 'leveraged']|['various', 'LBO']|['quality', 'of']|NN|False|False|False|0|False|||be|True|0.833333333333|THE|ZERO
3928|ZERO|"data/parsed/22/wsj_2229.mrg|40|128"|Any such attempt to distinguish `` good debt '' from `` bad debt , '' or to draw the line at a particular industry , such as the airlines , is likely to blunt the spur that the proper amount of leverage provides both to [ equity markets ] and economic efficiency in general .|market|pl|NN|[u'activity.n.01']||PP|[]|['NN']|True|[]|['and', 'economic']|['equity']|['both', 'to']|NN|False|False|False|0|False|||provides|True|0.865384615385|THE|ZERO
3938|ZERO|"data/parsed/22/wsj_2229.mrg|42|12"|Mr. Jarrell , [ former top economist ] at the Securities and Exchange Commission , teaches at the University of Rochester 's Simon Business School .|economist|sg|NN|[u'social_scientist.n.01']||NP|[]|['JJ', 'JJ']|False|[]|['at']|['former', 'top']|['Jarrell', ',']|NN|False|True|False|7|False|PP|at|teaches|False|0.136363636364|THE|ZERO
3945|ZERO|"data/parsed/22/wsj_2230.mrg|1|16"|Tokyo share prices rebounded Tuesday [ morning , ] with the Nikkei index of 225 selected stocks rising 618.69 points to close the morning session at 35087.38 .|morning|sg|NN|[u'time_period.n.01']||VP|[',']|[]|False|[',']|['with']|[]|[u'rebound', 'Tuesday']|NN|False|False|False|0|False|||rebounded|False|0.2|THE|ZERO
3962|ZERO|"data/parsed/22/wsj_2230.mrg|4|12"|By 10 a.m. [ Tokyo time , ] the index was up 435.11 points , to 34903.80 as investors hailed New York 's overnight rally .|time|sg|NN|[u'case.n.01']||NP|[',']|['NNP']|False|[',']|['index']|['Tokyo']|['<number>', 'a.m.']|NN|False|False|False|0|False|||was|False|0.136363636364|THE|ZERO
4040|ZERO|"data/parsed/22/wsj_2230.mrg|17|23"|The day 's decline was generally in [ line ] with analysts ' weekend predictions .|line|sg|NN|[u'formation.n.01']||NP|[]|[]|False|[]|['with', u'analyst']|[]|['generally', 'in']|NN|False|True|False|6|False|PP|with|was|False|0.5|THE|ZERO
4086|ZERO|"data/parsed/22/wsj_2230.mrg|26|26"|But its performance did bear some resemblance to [ events ] of two years ago , during the October 1987 global stock market crash .|event|pl|NN|[u'psychological_feature.n.01']||NP|[]|[]|False|[]|['of', 'two']|[]|['resemblance', 'to']|NN|False|True|False|14|True|PP|of|did|False|0.347826086957|THE|ZERO
4142|ZERO|"data/parsed/22/wsj_2230.mrg|35|12"|Isao Ushikubo , [ general manager ] of the investment research department at Toyo Trust & Banking Co. , also was optimistic .|manager|sg|NN|[u'administrator.n.01']||NP|[]|['JJ']|False|[]|['of']|['general']|['Ushikubo', ',']|NN|False|True|False|12|True|PP|of|was|False|0.15|THE|ZERO
4283|ZERO|"data/parsed/22/wsj_2230.mrg|56|59"|Richard Chenevix-Trench , a director at Hong Kong-based Baring International Fund Managers Ltd. , said the market probably has n't hit [ bottom ] yet but is close .|bottom|sg|NN|[u'side.n.04']||VP|[]|[]|False|[]|['yet', 'but']|[]|"[""n't"", 'hit']"|NN|False|False|False|0|False|||has|False|0.777777777778|THE|ZERO
4311|ZERO|"data/parsed/22/wsj_2230.mrg|60|92"|Nestor Hinzack , an analyst at brokerage firm Burdett , Buckeridge & Young Ltd. , described the market 's performance as `` sheep-like '' as investors fled to bluechip Australian stocks and shunned [ entrepreneurial companies ] they perceived as having any takeover premium built into the price .|company|pl|NN|[u'institution.n.01']||NP|[]|['JJ']|False|[]|['they', u'perceive']|['entrepreneurial']|['and', u'shun']|NN|False|True|False|2|False|SBAR|they|fled|False|0.717391304348|THE|ZERO
4445|ZERO|"data/parsed/22/wsj_2231.mrg|17|15"|He 's running for [ governor . ]|governor|sg|NN|[u'politician.n.01']||PP|['.']|[]|False|['.']|[]|[]|[u'run', 'for']|NN|False|False|False|0|False|||'s|False|0.8|THE|ZERO
4453|ZERO|"data/parsed/22/wsj_2231.mrg|18|93"|Mr. Van de Kamp is the one who collected the plans from the various radical environmental groups and cobbled them into a single unwieldy initiative to be placed on the ballot for [ election ] on Nov. 6 , 1990 .|election|sg|NN|[u'vote.n.02']||PP|[]|[]|False|[]|['on', 'Nov.']|[]|['ballot', 'for']|NN|False|False|False|0|False|||collected|False|0.820512820513|THE|ZERO
4511|ZERO|"data/parsed/22/wsj_2231.mrg|30|51"|Mr. Van de Kamp and his allies may be hoping that the environment is such a mom and [ apple-pie issue ] among certain segments of California 's population now that almost any collection of anti-scientific , anti-pocketbook nonsense can pass under its rubric .|issue|sg|NN|[u'content.n.05']||NP|[]|['JJ']|False|[]|['among', 'certain']|['apple-pie']|['mom', 'and']|NN|False|False|False|0|False|||is|False|0.428571428571|THE|ZERO
4553|ZERO|"data/parsed/22/wsj_2232.mrg|3|11"|Spurred by [ waves ] of large-scale buying in blue-chip stocks , the Dow Jones Industrial Average rallied yesterday and erased about a half of Friday 's 190.58-point plunge , gaining 88.12 to 2657.38 .|wave|pl|NN|[u'movement.n.03']||NP|[]|[]|False|[]|['of', 'large-scale']|[]|['Spurred', 'by']|NN|False|True|False|7|True|PP|of|Spurred|False|0.0606060606061|THE|ZERO
4583|ZERO|"data/parsed/22/wsj_2232.mrg|6|76"|A troubling sign : Declining stocks on the Big Board outnumbered advancers , 975 to 749 , and the over-the-counter market that includes many smaller stocks suffered [ aftershocks ] of Friday 's late Big Board plunge .|aftershock|pl|NN|[u'tremor.n.02']||NP|[]|[]|False|[]|['of', 'Friday']|[]|[u'stock', u'suffer']|NN|False|True|False|8|True|PP|of|suffered|False|0.75|THE|ZERO
4590|ZERO|"data/parsed/22/wsj_2232.mrg|8|21"|Meanwhile , in a divergence in [ two ] of the market 's most important indicators , the Dow industrials ' sister average , the 20-stock Dow Jones Transportation Average , tumbled 102.06 to 1304.23 -- its second-worst decline next to the 164.78-point fall during the 1987 crash .|two||CD|[u'digit.n.01']||NP|[]|[]|False|[]|['of']|[]|['divergence', 'in']|CD|False|True|False|8|True|PP|of|tumbled||0.127659574468|THE|ZERO
4629|ZERO|"data/parsed/22/wsj_2232.mrg|12|63"|`` Everyone was a little concerned about the general narrowness of the rally and failure of the OTC market to get into [ plus territory . ]|territory|sg|NN|[u'region.n.03']||PP|['.']|['JJ']|False|['.']|[]|['plus']|['get', 'into']|NN|False|False|False|0|False|||to|False|0.95652173913|THE|ZERO
4637|ZERO|"data/parsed/22/wsj_2232.mrg|15|11"|The rally gave [ credence , ] at least for now , to the pre-trading declaration of Big Board Chairman John J. Phelan Jr. that Friday 's market debacle was `` an abnormal condition , and not a disaster . ''|credence|sg|NN|[u'attitude.n.01']||VP|[',']|[]|False|[',']|['at', 'least']|[]|['rally', u'give']|NN|False|False|False|0|False|||gave|False|0.0789473684211|THE|ZERO
4647|ZERO|"data/parsed/22/wsj_2232.mrg|16|22"|But to traders , it looked like [ disaster ] on the 9:30 a.m. opening bell .|disaster|sg|NN|[u'adversity.n.01']||PP|[]|[]|True|[]|['on']|[]|[u'look', 'like']|NN|False|False|False|0|False|||looked|True|0.466666666667|THE|ZERO
4676|ZERO|"data/parsed/22/wsj_2232.mrg|21|46"|More stocks opened over the ensuing half hour , as the 49 Big Board specialist firms in [ charge ] of keeping the market orderly groped to find buy orders from major brokerage firms to match the selling flood .|charge|sg|NN|[u'attack.n.01']||NP|[]|[]|False|[]|['of', u'keep']|[]|[u'firm', 'in']|NN|False|True|False|20|True|PP|of|opened|False|0.447368421053|THE|ZERO
4713|ZERO|"data/parsed/22/wsj_2232.mrg|28|18"|With program traders seemingly in [ charge , ] buyers backed away from the market and watched stocks fall .|charge|sg|NN|[u'attack.n.01']||PP|[',']|[]|False|[',']|[u'buyer', u'back']|[]|['seemingly', 'in']|NN|False|False|False|0|False|||backed|False|0.294117647059|THE|ZERO
4742|ZERO|"data/parsed/22/wsj_2232.mrg|34|14"|Roland M. Machold , [ director ] of the New Jersey Division of Investment , which oversees $ 29 billion in investments , said the `` first thing we did was to double our orders '' yesterday morning .|director|sg|NN|[u'administrator.n.01']||NP|[]|[]|False|[]|['of']|[]|['Machold', ',']|NN|False|True|False|16|True|PP|of|said|False|0.108108108108|THE|ZERO
4806|ZERO|"data/parsed/22/wsj_2232.mrg|47|28"|Still , the market had n't yet crossed into [ positive territory , ] and traders were glum .|territory|sg|NN|[u'region.n.03']||PP|[',']|['JJ']|False|[',']|['and', u'trader']|['positive']|[u'cross', 'into']|NN|False|False|False|0|False|||had|False|0.6|THE|ZERO
4834|ZERO|"data/parsed/22/wsj_2232.mrg|51|60"|Around him , scores of traders seemed to get a burst of energy ; their boss broke out [ bottles ] of Perrier water to cool them off .|bottle|pl|NN|[u'vessel.n.03']||NP|[]|[]|False|[]|['of', 'Perrier']|[]|[u'break', 'out']|NN|False|True|False|8|True|PP|of|to|False|0.666666666667|THE|ZERO
4835|ZERO|"data/parsed/22/wsj_2232.mrg|51|67"|Around him , scores of traders seemed to get a burst of energy ; their boss broke out bottles of [ Perrier water ] to cool them off .|water|sg|NN|[u'binary_compound.n.01', u'liquid.n.03']||NP|[]|['NNP']|False|[]|['to', 'cool']|['Perrier']|[u'bottle', 'of']|NN|False|True|False|5|False|SBAR|to|to|False|0.769230769231|THE|ZERO
4837|ZERO|"data/parsed/22/wsj_2232.mrg|52|6"|Among [ Big Board specialists , ] the cry was `` Pull your offers '' -- meaning that specialists soon expected to get higher prices for their shares .|specialist|pl|NN|[u'expert.n.01']||PP|[',']|['NNP', 'NNP']|False|[',']|['cry']|['Big', 'Board']|['Among']|NN|False|False|False|0|False|||was|False|0.0416666666667|THE|ZERO
4867|ZERO|"data/parsed/22/wsj_2232.mrg|57|57"|Over the weekend , clearing firms told the Chicago market makers to get out of their positions at any cost [ Monday morning . ]|morning|sg|NN|[u'time_period.n.01']||VP|['.']|['NNP']|False|['.']|[]|['Monday']|['any', 'cost']|NN|False|False|False|0|False|||to|False|0.952380952381|THE|ZERO
5011|ZERO|"data/parsed/22/wsj_2232.mrg|80|4"|[ Federal National Mortgage Association , ] a recently hot stock , climbed 4 to 124 on nearly 1.6 million shares .|Association|sg|NNP|[u'organization.n.01']||NP|[',']|['NNP', 'NNP', 'NNP']|False|[',']|['recently']|['Federal', 'National', 'Mortgage']|[]|NN|True|True|False|5|False|NPB|a|climbed||0.0|THE|ZERO
5104|ZERO|"data/parsed/22/wsj_2232.mrg|94|15"|Maybe they learned from [ experience . '' ]|experience|sg|NN|[u'education.n.02']||PP|"['.', ""''""]"|[]|False|"['.', ""''""]"|[]|[]|[u'learn', 'from']|NN|False|False|False|0|False|||learned|False|0.8|THE|ZERO
5255|ZERO|"data/parsed/22/wsj_2234.mrg|14|4"|[ `` Anybody ] can vote as they want , '' said Rep. William Lehman -LRB- D. , Fla. -RRB- , head of the House conferees .|Anybody|sg|NN|||S|[]|['``']|False|[]|['can', 'vote']|['``']|[]|NN|False|False|False|0|False|||can|False|0.0|THE|ZERO
5321|ZERO|"data/parsed/22/wsj_2234.mrg|22|62"|Though smaller in total dollars , the conference agreed to preserve an estimated $ 30.6 million in controversial subsidies to [ carriers ] serving rural or isolated airports .|carrier|pl|NN|[u'traveler.n.01']||NP|[]|[]|True|[]|[u'serve', 'rural']|[]|[u'subsidy', 'to']|NN|False|True|False|2|False|VP|serving|to|True|0.740740740741|THE|ZERO
5543|ZERO|"data/parsed/22/wsj_2239.mrg|4|44"|Our markets were closely tied to the stock market , '' said Joel Kazis , [ manager ] of trading at Smith Barney , Harris Upham & Co .|manager|sg|NN|[u'administrator.n.01']||NP|[]|[]|False|[]|['of', 'trading']|[]|['Kazis', ',']|NN|False|True|False|2|True|PP|of||False|0.555555555556|THE|ZERO
5548|ZERO|"data/parsed/22/wsj_2239.mrg|5|18"|`` Friday 's flight to [ quality ] was no longer needed once the stock market found its legs , '' he said .|quality|sg|NN|[u'attribute.n.02']||PP|[]|[]|True|[]|[u'be', 'no']|[]|['flight', 'to']|NN|False|False|False|0|False|||was|True|0.227272727273|THE|ZERO
5565|ZERO|"data/parsed/22/wsj_2239.mrg|8|29"|But when stocks began to climb instead , [ prices ] of Treasury bonds declined .|price|pl|NN|[u'value.n.02']||NP|[]|[]|True|[]|['of', 'Treasury']|[]|['instead', ',']|NN|False|True|False|3|True|PP|of|declined|True|0.571428571429|THE|ZERO
5656|ZERO|"data/parsed/22/wsj_2239.mrg|26|35"|`` I think the willingness of securities companies to make [ markets ] for high-yield issues improved the sentiment for junk bonds , '' said John Lonski , an economist at Moody 's Investors Service Inc .|market|pl|NN|[u'activity.n.01']||VP|[]|[]|True|[]|['for', 'high-yield']|[]|['to', 'make']|NN|False|False|False|0|False|||to|True|0.285714285714|THE|ZERO
5699|ZERO|"data/parsed/22/wsj_2239.mrg|33|47"|`` We went down 3\\/4 point in 10 minutes right before lunch , then after [ lunch ] we went up 3\\/4 point in 12 minutes , '' he said .|lunch|sg|NN|[u'meal.n.01']||S|[]|[]|False|[]|['we', u'go']|[]|['then', 'after']|NN|False|False|False|0|False|||went|True|0.51724137931|THE|ZERO
5706|ZERO|"data/parsed/22/wsj_2239.mrg|34|23"|In Tokyo , trading is halted during [ lunchtime . ]|lunchtime|sg|NN|[u'mealtime.n.01']||PP|['.']|[]|False|['.']|[]|[]|[u'halt', 'during']|NN|False|False|False|0|False|||is|False|0.875|THE|ZERO
5726|ZERO|"data/parsed/22/wsj_2239.mrg|38|3"|[ Industrial production ] is expected to have declined 0.2 % , according to a consensus of economists surveyed by Dow Jones Capital Markets Report .|production|sg|NN|[u'act.n.02']||S|[]|['JJ']|True|[]|[u'be', u'expect']|['Industrial']|[]|NN|False|False|False|0|False|||is|True|0.0|THE|ZERO
5742|ZERO|"data/parsed/22/wsj_2239.mrg|42|8"|Meanwhile , [ agency supply ] is expected to weigh heavily on the market today when the Federal Home Loan Bank prices a $ 2.3 billion offering of one-year , three-year , five-year and 10-year maturities .|supply|sg|NN|[u'indefinite_quantity.n.01']||S|[]|['NN']|False|[]|[u'be', u'expect']|['agency']|['Meanwhile', ',']|NN|False|False|False|0|False|||is|False|0.0588235294118|THE|ZERO
5755|ZERO|"data/parsed/22/wsj_2239.mrg|44|3"|[ Resolution Funding ] is a division of Resolution Trust Corp. , the new federal agency created to bail out the nation 's troubled thrifts .|Funding|sg|NNP|[u'resource.n.01']||S|[]|['NNP']|True|[]|[u'be']|['Resolution']|[]|NN|True|False|False|0|False|||is||0.0|THE|ZERO
5820|ZERO|"data/parsed/22/wsj_2239.mrg|58|30"|Thus , higher bidding narrows the investor 's return while [ lower bidding ] widens it .|bidding|sg|NN|[u'speech_act.n.01']||S|[]|['JJR']|False|[]|[u'widen', 'it']|[u'low']|['return', 'while']|NN|False|False|False|0|False|||widens|True|0.714285714286|THE|ZERO
5841|ZERO|"data/parsed/22/wsj_2239.mrg|67|6"|Among [ benchmark issues : -- ] Japan 's No. 111 4.6 % bond due 1998 ended on brokers screens at 96.15 , up 1.17 point .|issue|pl|NN|[u'content.n.05']||PP|[':', ':']|['JJ']|True|[':', '--']|"['Japan', ""'s""]"|['benchmark']|['Among']|NN|False|False|False|0|False|||ended|True|0.0454545454545|THE|ZERO
5875|ZERO|"data/parsed/22/wsj_2239.mrg|73|12"|Dealers said [ morning activity ] was hectic as prices dropped in response to gains in the stock market and losses in Treasury securities , but trading slowed to moderate levels in the afternoon .|activity|sg|NN|[u'act.n.02']||S|[]|['NN']|False|[]|[u'be', 'hectic']|['morning']|['Dealers', u'say']|NN|False|False|False|0|False|||was|False|0.0625|THE|ZERO
5960|ZERO|"data/parsed/22/wsj_2239.mrg|85|112"|Tax-exempts started the session flat to a touch higher on anticipation of further stock market erosion , but bond prices rapidly turned south as it became more clear that a repeat of the October 1987 crash was n't at [ hand . ]|hand|sg|NN|[u'extremity.n.05']||PP|['.']|[]|False|['.']|[]|[]|"[""n't"", 'at']"|NN|False|False|False|0|False|||was|False|0.975|THE|ZERO
5978|ZERO|"data/parsed/22/wsj_2239.mrg|89|4"|[ Florida Board ] of Education 's 7 1\\/4 % issue of 2023 was 5\\/8 point weaker at 99 1\\/2 bid .|Board|sg|NNP|[u'committee.n.01']||NP|[]|['NNP']|False|[]|['of', 'Education']|['Florida']|[]|NN|True|True|False|9|True|PP|of|was||0.0|THE|ZERO
6054|ZERO|"data/parsed/22/wsj_2241.mrg|3|62"|The spokesman said Laidlaw would n't increase its stake in ADT beyond 30 % `` without a great deal of [ thought '' ] because of British takeover regulations that require a company acquiring more than 30 % to extend an offer to the rest of the company 's shareholders .|thought|sg|NN|[u'content.n.05']||NP|"[""''""]"|[]|False|"[""''""]"|['because', 'of']|[]|['deal', 'of']|NN|False|True|False|9|False|PP|because|acquiring|False|0.416666666667|THE|ZERO
6132|ZERO|"data/parsed/22/wsj_2243.mrg|4|21"|Hertz Equipment had operating profit before [ depreciation ] of $ 90 million on revenue of $ 150 million in 1988 .|depreciation|sg|NN|[u'decrease.n.04']||NP|[]|[]|False|[]|['of', '$']|[]|['profit', 'before']|NN|False|True|False|4|True|PP|of|had|False|0.3|THE|ZERO
6263|ZERO|"data/parsed/22/wsj_2246.mrg|4|23"|Both of the New York-based companies print [ stock certificates and currency . ]|currency|sg|NN|[u'medium_of_exchange.n.01']||VP|['.']|['NN', 'NNS', 'CC']|False|['.']|[]|['stock', u'certificate', 'and']|[u'company', 'print']|NN|False|False|False|0|False|||print|False|0.875|THE|ZERO
6323|ZERO|"data/parsed/22/wsj_2247.mrg|4|32"|In 1989 , Regatta will have sales `` in [ excess ] of $ 10 million '' and will show a profit , Mr. Parker said S .|excess|sg|NN|[u'overabundance.n.02']||NP|[]|[]|False|[]|['of', '$']|[]|['``', 'in']|NN|False|True|False|5|True|PP|of|will|False|0.346153846154|THE|ZERO
6345|ZERO|"data/parsed/22/wsj_2248.mrg|1|31"|Enron Corp. , Houston , said the sale of [ preference units ] of its newly formed Enron NGL Partners L.P. master limited partnership subsidiary will result in an undetermined gain in the fourth quarter .|unit|pl|NN|[u'definite_quantity.n.01']||NP|[]|['NN']|False|[]|['of', 'its']|['preference']|['sale', 'of']|NN|False|True|False|12|True|PP|of|will|False|0.272727272727|THE|ZERO
6443|ZERO|"data/parsed/22/wsj_2250.mrg|4|27"|After years of fading into the background , [ two-tone photography ] is coming back .|photography|sg|NN|[u'pictorial_representation.n.01']||S|[]|['JJ']|False|[]|[u'be', u'come']|['two-tone']|['background', ',']|NN|False|False|False|0|False|||is|False|0.615384615385|THE|ZERO
6450|ZERO|"data/parsed/22/wsj_2250.mrg|6|24"|Portrait studios accustomed to shooting only in [ color report ] a rush to black-and-white portrait orders .|report|sg|NN|[u'document.n.01']||PP|[]|['NN']|False|[]|['rush']|['color']|['only', 'in']|NN|False|False|False|0|False|||shooting|False|0.466666666667|THE|ZERO
6457|ZERO|"data/parsed/22/wsj_2250.mrg|8|43"|What 's happening in photography mirrors the popularity of black and white in [ fashion , ] home furnishings and cinematography .|fashion|sg|NN|[u'property.n.02']||PP|[',']|[]|False|[',']|['home', u'furnishing']|[]|['white', 'in']|NN|False|False|False|0|False|||black|False|0.684210526316|THE|ZERO
6468|ZERO|"data/parsed/22/wsj_2250.mrg|10|60"|And classic black-and-white movies are enjoying a comeback on videocassette tapes , spurred , in part , by the backlash against [ colorization ] of old films .|colorization|sg|NN|||NP|[]|[]|False|[]|['of', 'old']|[]|['backlash', 'against']|NN|False|True|False|4|True|PP|of|are|False|0.807692307692|THE|ZERO
6477|ZERO|"data/parsed/22/wsj_2250.mrg|12|23"|Until two years ago , sales of [ black-and-white film ] had been declining steadily since the 1960s .|film|sg|NN|[u'product.n.02', u'show.n.03']||PP|[]|['JJ']|True|[]|[u'have', u'be']|['black-and-white']|[u'sale', 'of']|NN|False|False|False|0|False|||had|True|0.4375|THE|ZERO
6518|ZERO|"data/parsed/22/wsj_2250.mrg|19|43"|Agfa recently signed Olympic gold medalist Florence Griffith-Joyner to endorse a new line of [ black-and-white paper ] that 's geared to consumers and will compete directly with Kodak 's papers .|paper|sg|NN|[u'material.n.01']||NP|[]|['JJ']|True|[]|"['that', ""'s""]"|['black-and-white']|['line', 'of']|NN|False|True|False|5|False|SBAR|that|to|True|0.48275862069|THE|ZERO
6522|ZERO|"data/parsed/22/wsj_2250.mrg|20|9"|Slated for [ market ] by the end of the year , the paper `` could have been introduced a long time ago but the market was n't there then , '' says S an Agfa spokesman .|market|sg|NN|[u'activity.n.01']||PP|[]|[]|True|[]|['by']|[]|['Slated', 'for']|NN|False|False|False|0|False|||Slated|True|0.0555555555556|THE|ZERO
6539|ZERO|"data/parsed/22/wsj_2250.mrg|22|25"|Sales of Ilford 's four varieties of [ black-and-white film ] this year are outpacing growth in the overall market , although the company wo n't say by exactly how much .|film|sg|NN|[u'product.n.02', u'show.n.03']||NP|[]|['JJ']|True|[]|['this', 'year']|['black-and-white']|[u'variety', 'of']|NN|False|True|False|2|False|NPB|this|are|True|0.241379310345|THE|ZERO
6553|ZERO|"data/parsed/22/wsj_2250.mrg|25|38"|For baby boomers who grew up being photographed in color , [ black and white ] seems eye-catching and exotic .|JJ||ADJP|||S|[]|[]|False|[]|[u'seem', 'eye-catching']|[]|['color', ',']|ADJP|False|False|False|0|False|||seems|False|0.647058823529|THE|ZERO
6560|ZERO|"data/parsed/22/wsj_2250.mrg|26|72"|`` It has an archival , almost nostalgic quality to it , '' says Owen B. Butler , the chairman of the applied photography department at [ Rochester Institute ] of Technology .|Institute|sg|NNP|[u'association.n.01']||NP|[]|['NNP']|False|[]|['of', 'Technology']|['Rochester']|['department', 'at']|NN|True|True|False|3|True|PP|of|||0.866666666667|THE|ZERO
6576|ZERO|"data/parsed/22/wsj_2250.mrg|30|29"|Consider Gap Inc. , whose latest ad campaign features [ black-and-white shots ] of Hollywood stars , artists and other well-known personalities modeling the retailer 's jeans and T-shirts .|shot|pl|NN|[u'propulsion.n.02']||NP|[]|['JJ']|False|[]|['of', 'Hollywood']|['black-and-white']|['campaign', u'feature']|NN|False|True|False|17|True|PP|of|features|False|0.333333333333|THE|ZERO
6595|ZERO|"data/parsed/22/wsj_2250.mrg|32|78"|`` We wanted to highlight the individual , not the environment , '' he says , `` and black and white allows you to do that better than [ color . '' ]|color|sg|NN|[u'visual_property.n.01']||SINV|"['.', ""''""]"|[]|True|"['.', ""''""]"|[]|[]|[u'well', 'than']|NN|False|False|False|0|False|||says|True|0.965517241379|THE|ZERO
6602|ZERO|"data/parsed/22/wsj_2250.mrg|34|34"|Even food products and automobiles , which have long depended on [ color , ] are making the switch .|color|sg|NN|[u'visual_property.n.01']||PP|[',']|[]|True|[',']|[u'be', u'make']|[]|[u'depend', 'on']|NN|False|False|False|0|False|||have|True|0.647058823529|THE|ZERO
6605|ZERO|"data/parsed/22/wsj_2250.mrg|35|14"|Companies `` feel [ black and white ] will convey a stronger statement , '' says S Marc L. Hauser , a Chicago photographer who is working on a black-and-white print ad for Stouffer Food Corp. 's Lean Cuisine .|JJ||ADJP|||S|[]|[]|False|[]|['will', 'convey']|[]|['``', 'feel']|ADJP|False|False|False|0|False|||will|False|0.0833333333333|THE|ZERO
6640|ZERO|"data/parsed/22/wsj_2250.mrg|42|17"|It is n't ordinary like [ color . '' ]|color|sg|NN|[u'visual_property.n.01']||PP|"['.', ""''""]"|[]|True|"['.', ""''""]"|[]|[]|['ordinary', 'like']|NN|False|False|False|0|False|||is|True|0.833333333333|THE|ZERO
6642|ZERO|"data/parsed/22/wsj_2250.mrg|43|21"|Still , most consumers are n't plunking [ black-and-white film ] into their cameras to take family snapshots .|film|sg|NN|[u'product.n.02', u'show.n.03']||VP|[]|['JJ']|False|[]|['into', 'their']|['black-and-white']|"[""n't"", u'plunk']"|NN|False|False|False|0|False|||are|False|0.4375|THE|ZERO
6652|ZERO|"data/parsed/22/wsj_2250.mrg|46|4"|[ Black-and-white film ] costs consumers a little less than color film , and processing costs the same .|film|sg|NN|[u'product.n.02', u'show.n.03']||S|[]|['JJ']|True|[]|[u'cost', u'consumer']|['Black-and-white']|[]|NN|False|False|False|0|False|||costs|True|0.0|THE|ZERO
6655|ZERO|"data/parsed/22/wsj_2250.mrg|46|26"|Black-and-white film costs consumers a little less than [ color film , ] and processing costs the same .|film|sg|NN|[u'product.n.02', u'show.n.03']||PP|[',']|['NN']|True|[',']|['and', 'processing']|['color']|['less', 'than']|NN|False|False|False|0|False|||costs|True|0.533333333333|THE|ZERO
6660|ZERO|"data/parsed/22/wsj_2250.mrg|47|22"|But for photofinishers , developing costs for [ black-and-white film ] are higher .|film|sg|NN|[u'product.n.02', u'show.n.03']||PP|[]|['JJ']|True|[]|[u'be', u'high']|['black-and-white']|[u'cost', 'for']|NN|False|False|False|0|False|||are|True|0.636363636364|THE|ZERO
6667|ZERO|"data/parsed/22/wsj_2250.mrg|50|4"|[ Intent ] on wooing customers , the company is also increasing its sponsorship of black-and-white photography classes .|Intent|sg|NN|[u'goal.n.01']||NP|[]|[]|False|[]|['on', u'woo']|[]|[]|NN|False|True|False|4|False|PP|on|is|False|0.0|THE|ZERO
6714|ZERO|"data/parsed/22/wsj_2250.mrg|58|40"|They cite the emergence of still electronic photography , more newspapers turning to [ color ] on their pages and measurable improvements in the quality of color prints .|color|sg|NN|[u'visual_property.n.01']||NP|[]|[]|False|[]|['on', 'their']|[]|[u'turn', 'to']|NN|False|True|False|13|False|PP|on|turning|False|0.481481481481|THE|ZERO
6727|ZERO|"data/parsed/22/wsj_2250.mrg|60|27"|`` The color print today is far superior to [ prints ] of 10 years ago .|print|pl|NN|[u'written_communication.n.01']||NP|[]|[]|True|[]|['of', '<number>']|[]|['superior', 'to']|NN|False|True|False|5|True|PP|of|is|True|0.6|THE|ZERO
6738|ZERO|"data/parsed/22/wsj_2250.mrg|62|73"|But when Popular Photography , a leading magazine for photographers , selected 15 of the greatest photos ever made for its latest issue celebrating [ photography 's ] 150th anniversary , all were black and white .|photography|sg|NN|[u'pictorial_representation.n.01']||NPB|['POS']|[]|True|"[""'s""]"|['150th', 'anniversary']|[]|['issue', u'celebrate']|NN|False|False|False|0|False|||celebrating|True|0.705882352941|THE|ZERO
6763|ZERO|"data/parsed/22/wsj_2251.mrg|3|23"|The Sacramento , Calif. , company also attributed [ improved performance ] to a lower effective tax rate and higher interest income .|performance|sg|NN|[u'show.n.03']||VP|[]|['VBN']|False|[]|['to']|[u'improve']|['also', u'attribute']|NN|False|False|False|0|False|||attributed|False|0.4|THE|ZERO
6783|ZERO|"data/parsed/22/wsj_2251.mrg|6|29"|McClatchy publishes the Sacramento -LRB- Calif . -RRB- Bee and [ Tacoma -LRB- Wash . -RRB- News Tribune , ] and other papers in Western states .|Tribune|sg|NNP|[u'defender.n.01']||NP|[',']|['NNP', '-LRB-', 'NNP', '.', '-RRB-', 'NNP']|False|[',']|['and', 'other']|['Tacoma', '-LRB-', 'Wash', '.', '-RRB-', 'News']|['Bee', 'and']|NN|True|True|False|1|False|CC|and|publishes||0.555555555556|THE|ZERO
6872|ZERO|"data/parsed/22/wsj_2253.mrg|6|65"|Its ragged behavior through much of 1989 has prompted some forecasters to anticipate the start of a new recession perhaps before [ year 's ] end .|year|sg|NN|[u'time_period.n.01']||NPB|['POS']|[]|True|"[""'s""]"|['end', '.']|[]|['perhaps', 'before']|NN|False|False|False|0|False|||to|True|0.875|THE|ZERO
6928|ZERO|"data/parsed/22/wsj_2253.mrg|14|82"|Over the full post-World War II era , the Columbia index , on the average , has entered sustained declines 14 months before the onset of recessions and turned up [ eight months ] before recoveries .|month|pl|NN|[u'time_period.n.01']||NP|[]|['CD']|False|[]|['before', u'recovery']|['eight']|[u'turn', 'up']|NN|False|True|False|3|False|PP|before|has|True|0.882352941176|THE|ZERO
6933|ZERO|"data/parsed/22/wsj_2253.mrg|15|58"|The comparable lead times for the Commerce index , whose components include the stock market , are far shorter -- [ 10 months ] before recessions and only three months before recoveries .|month|pl|NN|[u'time_period.n.01']||NP|[]|['CD']|True|[]|['before', u'recession']|['<number>']|[u'short', '--']|NN|False|True|False|2|False|PP|before|are|True|0.666666666667|THE|ZERO
6978|ZERO|"data/parsed/22/wsj_2253.mrg|23|3"|[ Notably absent from the Columbia index ] is the stock market , which Mr. Moore says `` is simply no longer such a good indicator of the economy 's long-range prospects , though it still is useful for anticipating some short-run twists and turns . ''|index|sg|NN|[u'scale.n.01']||S|[]|['RB', 'JJ', 'IN', 'NNP']|True|[]|[u'be']|['Notably', 'absent', 'from', 'Columbia']|[]|NN|False|False|False|0|False|||is|True|0.0|THE|ZERO
7079|ZERO|"data/parsed/22/wsj_2254.mrg|10|23"|The French group currently ranks second after [ Barilla Group ] of Italy , whose sales are chiefly in the Italian market .|Group|sg|NNP|[u'abstraction.n.06']||NP|[]|['NNP']|False|[]|['of', 'Italy']|['Barilla']|['second', 'after']|NN|True|True|False|12|True|PP|of|ranks||0.35|THE|ZERO
7093|ZERO|"data/parsed/22/wsj_2255.mrg|1|110"|Moody 's Investors Service Inc. said it reduced its rating on $ 281 million of senior and subordinated debt of this thrift holding company , to C from Ca , saying it believes bondholders will recover [ only `` negligible principal . '' ]|principal|sg|NN|[u'debt.n.02']||VP|"['.', ""''""]"|['JJ', '``', 'JJ']|False|"['.', ""''""]"|[]|['only', '``', 'negligible']|['will', 'recover']|NN|False|False|False|0|False|||will|False|0.972972972973|THE|ZERO
7115|ZERO|"data/parsed/22/wsj_2255.mrg|5|51"|Moody 's Investors Service Inc. downgraded its ratings on the subordinated debt of CenTrust to Caa from [ B-3 . ]|B-3|sg|NN|||PP|['.']|[]|False|['.']|[]|[]|['Caa', 'from']|NN|False|False|False|0|False|||to|False|0.944444444444|THE|ZERO
7222|ZERO|"data/parsed/22/wsj_2256.mrg|19|48"|Budget director Darman said he wo n't give federal agencies much leeway in coping with [ Gramm-Rudman spending cuts , ] which took effect yesterday .|cut|pl|NN|[u'share.n.01']||NP|[',']|['NNP', 'NN']|False|[',']|['which', u'take']|['Gramm-Rudman', 'spending']|[u'cop', 'with']|NN|False|True|False|5|False|SBAR|which|coping|False|0.714285714286|THE|ZERO
7381|ZERO|"data/parsed/22/wsj_2257.mrg|15|3"|[ Average ] of top rates paid by major New York banks on primary new issues of negotiable C.D.s , usually on amounts of $ 1 million and more .|Average||JJ|[u'statistic.n.01']||NP|[]|[]|False|[]|['of', 'top']|[]|[]|JJ|False|True|False|3|True|PP|of|||0.0|THE|ZERO
7459|ZERO|"data/parsed/22/wsj_2257.mrg|25|38"|TREASURY BILLS : Results of the Monday , October 16 , 1989 , [ auction ] of short-term U.S. government bills , sold at a discount from face value in units of $ 10,000 to $ 1 million : 7.37 % , 13 weeks ; 7.42 % , 26 weeks .|auction|sg|NN|[u'bridge.n.05']||NP|[]|[]|False|[]|['of', 'short-term']|[]|['<number>', ',']|NN|False|True|False|23|True|PP|of||False|0.265306122449|THE|ZERO
7463|ZERO|"data/parsed/22/wsj_2257.mrg|25|80"|TREASURY BILLS : Results of the Monday , October 16 , 1989 , auction of short-term U.S. government bills , sold at a discount from face value in [ units ] of $ 10,000 to $ 1 million : 7.37 % , 13 weeks ; 7.42 % , 26 weeks .|unit|pl|NN|[u'definite_quantity.n.01']||NP|[]|[]|False|[]|['of', '$']|[]|['value', 'in']|NN|False|True|False|3|True|PP|of||False|0.571428571429|THE|ZERO
7497|ZERO|"data/parsed/22/wsj_2257.mrg|32|4"|[ Annualized average rate ] of return after expenses for the past 30 days ; not a forecast of future returns .|rate|sg|NN|[u'magnitude_relation.n.01']||NP|[]|['VBN', 'JJ']|True|[]|['of', 'return']|['Annualized', 'average']|[]|NN|False|True|False|2|True|PP|of||True|0.0|THE|ZERO
7654|ZERO|"data/parsed/22/wsj_2261.mrg|5|27"|The company 's remaining business is the manufacture and [ sale ] of engine and transmissions products for industrial and transportation applications .|sale|sg|NN|[u'selling.n.01']||NP|[]|[]|True|[]|['of', 'engine']|[]|['manufacture', 'and']|NN|False|True|False|11|True|PP|of|is|True|0.428571428571|THE|ZERO
7686|ZERO|"data/parsed/22/wsj_2262.mrg|4|56"|The company said the $ 3.1 million reserve was created to reflect doubt about the collectability of [ receivables ] owed to National Heritage by some of the real estate partnerships it manages .|receivables|sg|NN|[u'assets.n.01']||NP|[]|[]|False|[]|[u'owe', 'to']|[]|['collectability', 'of']|NN|False|True|False|14|False|VP|owed|to|False|0.53125|THE|ZERO
7699|ZERO|"data/parsed/22/wsj_2262.mrg|6|3"|[ National Heritage stock ] fell 12.5 cents yesterday to close at $ 1.375 a share in New York Stock Exchange composite trading .|stock|sg|NN|[u'capital.n.01']||S|[]|['NNP', 'NNP']|False|[]|['fell', '<number>']|['National', 'Heritage']|[]|NN|False|False|False|0|False|||fell|False|0.0|THE|ZERO
7732|ZERO|"data/parsed/22/wsj_2263.mrg|4|20"|`` The new structure will enable [ United Biscuits ] to focus clearly upon opportunities for planned growth during the 1990s , '' said Bob Clarke , deputy chairman and group chief executive .|Biscuits|pl|NN|[u'quick_bread.n.01']||S|[]|['NNP']|True|[]|['to', 'focus']|['United']|['will', 'enable']|NN|False|False|False|0|False|||to|True|0.193548387097|THE|ZERO
7745|ZERO|"data/parsed/22/wsj_2264.mrg|1|20"|An American journalist now is standing [ trial ] in Namibia .|trial|sg|NN|[u'attempt.n.01']||NP|[]|[]|False|[]|['in', 'Namibia']|[]|[u'be', u'stand']|NN|False|True|False|3|False|PP|in|is|False|0.6|THE|ZERO
7749|ZERO|"data/parsed/22/wsj_2264.mrg|2|19"|This is the place that [ world opinion ] has been celebrating over in the expectation that it 's going to hold an election .|opinion|sg|NN|[u'belief.n.01']||S|[]|['NN']|False|[]|[u'have', u'be']|['world']|['place', 'that']|NN|False|False|False|0|False|||has|False|0.227272727273|THE|ZERO
7767|ZERO|"data/parsed/22/wsj_2264.mrg|6|15"|Mr. Stanley is on [ trial ] over charges that he violated a proclamation , issued by the South African administrator general earlier this year , which made it a crime punishable by two years in prison for any person to `` insult , disparate or belittle '' the election commission .|trial|sg|NN|[u'attempt.n.01']||NP|[]|[]|True|[]|['over', u'charge']|[]|[u'be', 'on']|NN|False|True|False|45|False|PP|over|is|True|0.08|THE|ZERO
7768|ZERO|"data/parsed/22/wsj_2264.mrg|6|22"|Mr. Stanley is on trial over [ charges ] that he violated a proclamation , issued by the South African administrator general earlier this year , which made it a crime punishable by two years in prison for any person to `` insult , disparate or belittle '' the election commission .|charge|pl|NN|[u'attack.n.01']||NP|[]|[]|True|[]|['that', 'he']|[]|['trial', 'over']|NN|False|True|False|43|False|SBAR|that|is|True|0.12|THE|ZERO
7782|ZERO|"data/parsed/22/wsj_2264.mrg|7|40"|The Stanley affair does n't bode well for the future of democracy or [ freedom ] of anything in Namibia when SWAPO starts running the government .|freedom|sg|NN|[u'state.n.02']||NP|[]|[]|False|[]|['of', 'anything']|[]|['democracy', 'or']|NN|False|True|False|2|True|PP|of|does|False|0.52|THE|ZERO
7821|ZERO|"data/parsed/22/wsj_2264.mrg|12|20"|In July , Mr. Stanley , [ editor ] of American Press International , a Washington D.C.-based conservative wire service , visited Namibia to report on the U.N.-monitored election campaign .|editor|sg|NN|[u'skilled_worker.n.01']||NP|[]|[]|False|[]|['of', 'American']|[]|['Stanley', ',']|NN|False|True|False|12|True|PP|of|visited|False|0.206896551724|THE|ZERO
7834|ZERO|"data/parsed/22/wsj_2264.mrg|13|96"|He interviewed Mr. O'Linn , head of a commission charged with investigating electoral intimidation , and reported that Mr. O'Linn was openly sympathetic to SWAPO and indeed had defended its leaders in [ court . ]|court|sg|NN|[u'assembly.n.04']||PP|['.']|[]|False|['.']|[]|[]|[u'leader', 'in']|NN|False|False|False|0|False|||interviewed|False|0.969696969697|THE|ZERO
7871|ZERO|"data/parsed/22/wsj_2264.mrg|21|4"|[ State ] and the human-rights community should insist that Mr. Stanley and his fellow defendants be released and that the United Nation 's monitors make certain that Mr. O'Linn's commission investigates election complaints from all sides .|State|sg|NN|[u'administrative_district.n.01']||NP|[]|[]|True|[]|['and']|[]|[]|NN|False|True|False|1|False|CC|and|should|True|0.0|THE|ZERO
7892|ZERO|"data/parsed/22/wsj_2265.mrg|3|45"|Later , however , it became more of an undercurrent than a dominating force as [ individual markets ] reacted more to their own factors .|market|pl|NN|[u'activity.n.01']||S|[]|['JJ']|True|[]|[u'react', 'more']|['individual']|['force', 'as']|NN|False|False|False|0|False|||reacted|True|0.652173913043|THE|ZERO
7929|ZERO|"data/parsed/22/wsj_2265.mrg|10|26"|Livestock and meat prices , however , dropped on [ concern ] that a financial crisis would cut consumption of beef and pork .|concern|sg|NN|[u'interest.n.01']||NP|[]|[]|True|[]|['that']|[]|[u'drop', 'on']|NN|False|True|False|12|False|SBAR|that|dropped|True|0.409090909091|THE|ZERO
7958|ZERO|"data/parsed/22/wsj_2265.mrg|16|35"|Platinum behaved more like an industrial metal , easing early on [ concern ] over a possible weaker economy , but recovering later , as the stock market strengthened .|concern|sg|NN|[u'interest.n.01']||NP|[]|[]|False|[]|['over']|[]|['early', 'on']|NN|False|True|False|6|False|PP|over|easing|False|0.392857142857|THE|ZERO
7968|ZERO|"data/parsed/22/wsj_2265.mrg|18|20"|For one thing , last Friday , [ precious metals markets ] closed before the stock market went into its late-in-the-day nose dive , so it could n't react to it .|market|pl|NN|[u'activity.n.01']||S|[]|['JJ', 'NNS']|True|[]|[u'close', 'before']|['precious', u'metal']|['Friday', ',']|NN|False|False|False|0|False|||closed|True|0.25|THE|ZERO
7994|ZERO|"data/parsed/22/wsj_2265.mrg|21|92"|On Black Monday , Oct. 19 , 1987 , the October contract tacked on further gains , rising to as high as $ 491.50 for a gain of almost $ 20 on [ top ] of the Friday advances , before giving up almost $ 10 of that at the close .|top|sg|NN|[u'region.n.01']||NP|[]|[]|False|[]|['of']|[]|['<number>', 'on']|NN|False|True|False|3|True|PP|of|rising|False|0.64|THE|ZERO
8058|ZERO|"data/parsed/22/wsj_2265.mrg|32|13"|Some analysts said [ crude ] was due for a correction anyhow , following several days of significant gains .|crude|sg|NN|[u'fossil_fuel.n.01', u'oil.n.01']||S|[]|[]|True|[]|[u'be', 'due']|[]|[u'analyst', u'say']|NN|False|False|False|0|False|||was|True|0.166666666667|THE|ZERO
8089|ZERO|"data/parsed/22/wsj_2265.mrg|37|66"|Indeed , after reacting early in the trading day to Friday 's plummet , futures prices firmed up again as traders took [ note ] of the stock market 's partial recovery yesterday .|note|sg|NN|[u'written_record.n.01']||NP|[]|[]|False|[]|['of']|[]|[u'trader', u'take']|NN|False|True|False|7|True|PP|of|took|False|0.6875|THE|ZERO
8105|ZERO|"data/parsed/22/wsj_2265.mrg|41|32"|Prices were down from the outset of trading on [ concern ] that a drop in the stock market might create a weakened economy and a consequent reduction in copper use .|concern|sg|NN|[u'interest.n.01']||NP|[]|[]|False|[]|['that']|[]|['trading', 'on']|NN|False|True|False|20|False|SBAR|that|were|False|0.3|THE|ZERO
8115|ZERO|"data/parsed/22/wsj_2265.mrg|42|40"|But the recovery in the stock market provided little help for copper as [ word ] spread that a three-month strike at the Highland Valley mine in British Columbia was about over , according to an analyst .|word|sg|NN|[u'language_unit.n.01']||S|[]|[]|False|[]|['spread', 'that']|[]|['copper', 'as']|NN|False|False|False|0|False|||spread|False|0.361111111111|THE|ZERO
8120|ZERO|"data/parsed/22/wsj_2265.mrg|43|3"|[ Highland Valley ] is a large Canadian producer and principal supplier to Japan , which recently began seeking copper elsewhere as its inventories shrank .|Valley|sg|NNP|[u'natural_depression.n.01']||S|[]|['NNP']|True|[]|[u'be']|['Highland']|[]|NN|True|False|False|0|False|||is||0.0|THE|ZERO
8150|ZERO|"data/parsed/22/wsj_2265.mrg|50|25"|However , this was brushed aside by [ concern ] over the stock market , the analyst said S .|concern|sg|NN|[u'interest.n.01']||NP|[]|[]|False|[]|['over']|[]|['aside', 'by']|NN|False|True|False|5|False|PP|over|was|False|0.388888888889|THE|ZERO
8169|ZERO|"data/parsed/22/wsj_2265.mrg|54|22"|Futures prices eased , more in [ reaction ] to Hurricane Jerry than to any influence of the stock market .|reaction|sg|NN|[u'chemical_process.n.01']||NP|[]|[]|False|[]|['to', 'Hurricane']|[]|['more', 'in']|NN|False|True|False|3|False|PP|to|eased|False|0.315789473684|THE|ZERO
8207|ZERO|"data/parsed/22/wsj_2265.mrg|60|4"|[ Colder weather ] is being predicted for the high plains of Texas and the northern states of the Delta during the coming weekend , Mr. Simon said S .|weather|sg|NN|[u'atmospheric_phenomenon.n.01']||S|[]|['NNP']|False|[]|[u'be', u'be']|['Colder']|[]|NN|False|False|False|0|False|||is|False|0.0|THE|ZERO
8299|ZERO|"data/parsed/22/wsj_2265.mrg|76|50"|A broad rally began when several major processors began buying futures contracts , apparently to take [ advantage ] of the price dip .|advantage|sg|NN|[u'asset.n.01']||NP|[]|[]|False|[]|['of']|[]|['to', 'take']|NN|False|True|False|5|True|PP|of|to|False|0.727272727273|THE|ZERO
8325|ZERO|"data/parsed/22/wsj_2266.mrg|2|144"|A company spokesman said he believed the confusion was caused when James Batten , Knight-Ridder 's chairman and chief executive , told New York analysts two weeks ago that Knight-Ridder 's earnings per share for the first nine months of 1989 would `` be behind a little bit '' from [ like period ] of|period|sg|NN|[u'fundamental_quantity.n.01']||PP|[]|['JJ']|False|[]|['of']|['like']|"[""''"", 'from']"|NN|False|False|False|0|False|||would|False|0.961538461538|THE|ZERO
8387|ZERO|"data/parsed/22/wsj_2267.mrg|5|75"|DD Acquisition said that it already owns 15 % of the common shares of the doughnut shop chain and that as of the close of [ business ] Friday an additional 11 % had been tendered to its offer .|business|sg|NN|[u'enterprise.n.02']||PP|[]|[]|False|[]|['Friday']|[]|['close', 'of']|NN|False|False|False|0|False|||had|False|0.657894736842|THE|ZERO
8444|ZERO|"data/parsed/22/wsj_2268.mrg|5|67"|In savings activity , Mr. Sandler said consumer deposits have enjoyed a steady increase throughout 1989 , and topped $ 11 billion at [ quarter 's ] end for the first time in the company 's history .|quarter|sg|NN|[u'common_fraction.n.01']||NPB|['POS']|[]|True|"[""'s""]"|['end', 'for']|[]|['billion', 'at']|NN|False|False|False|0|False|||said|True|0.657142857143|THE|ZERO
8448|ZERO|"data/parsed/22/wsj_2268.mrg|6|3"|[ Deposit growth ] amounted to $ 393 million , more than double the year-ago figure .|growth|sg|NN|[u'organic_process.n.01']||S|[]|['NNP']|False|[]|[u'amount', 'to']|['Deposit']|[]|NN|False|False|False|0|False|||amounted|False|0.0|THE|ZERO
8459|ZERO|"data/parsed/22/wsj_2269.mrg|1|88"|Whirlpool Corp. , Benton Harbor , Mich. , said it has developed a process to recover environmentally harmful chlorofluorocarbons , or CFCs , that previously entered the atmosphere during [ in-home repair ] of refrigerators and freezers .|repair|sg|NN|[u'improvement.n.02']||NP|[]|['JJ']|False|[]|['of', u'refrigerator']|['in-home']|['atmosphere', 'during']|NN|False|True|False|5|True|PP|of|entered|False|0.828571428571|THE|ZERO
8495|ZERO|"data/parsed/22/wsj_2269.mrg|6|45"|Whirpool said , `` We see this process as a small but important step toward [ eventual elimination ] of CFC use in appliance manufacture .|elimination|sg|NN|[u'removal.n.01']||NP|[]|['JJ']|False|[]|['of', 'CFC']|['eventual']|['step', 'toward']|NN|False|True|False|7|True|PP|of|see|False|0.652173913043|THE|ZERO
8632|ZERO|"data/parsed/22/wsj_2272.mrg|5|21"|Memotec is a Montreal-based maker of [ telecommunications products and provider ] of telecommunications and computer services .|provider|sg|NN|[u'businessperson.n.01']||NP|[]|['NN', 'NNS', 'CC']|True|[]|['of', u'telecommunication']|[u'telecommunication', u'product', 'and']|['maker', 'of']|NN|False|True|False|6|True|PP|of|is|True|0.461538461538|THE|ZERO
8647|ZERO|"data/parsed/22/wsj_2272.mrg|7|71"|But it said Charles Johnston , ISI chairman and president , agreed to sell his 60 % stake in ISI to Memotec upon [ completion ] of the tender offer for a combination of cash , Memotec stock and debentures .|completion|sg|NN|[u'maneuver.n.03']||NP|[]|[]|False|[]|['of']|[]|['Memotec', 'upon']|NN|False|True|False|15|True|PP|of|to|False|0.589743589744|THE|ZERO
8788|ZERO|"data/parsed/22/wsj_2275.mrg|6|37"|Meanwhile , CWA and International Brotherhood of Electrical Workers members remain on [ strike ] against Nynex Corp. , the New York-based regional phone company .|strike|sg|NN|[u'job_action.n.01']||NP|[]|[]|True|[]|['against', 'Nynex']|[]|['remain', 'on']|NN|False|True|False|11|False|PP|against|remain|True|0.5|THE|ZERO
8800|ZERO|"data/parsed/22/wsj_2276.mrg|1|21"|For the moment , at least , [ euphoria ] has replaced anxiety on Wall Street .|euphoria|sg|NN|[u'elation.n.02']||S|[]|[]|False|[]|[u'have', u'replace']|[]|['least', ',']|NN|False|False|False|0|False|||has|False|0.466666666667|THE|ZERO
8801|ZERO|"data/parsed/22/wsj_2276.mrg|1|31"|For the moment , at least , euphoria has replaced [ anxiety ] on Wall Street .|anxiety|sg|NN|[u'psychological_state.n.01']||NP|[]|[]|False|[]|['on', 'Wall']|[]|[u'have', u'replace']|NN|False|True|False|4|False|PP|on|has|False|0.666666666667|THE|ZERO
8806|ZERO|"data/parsed/22/wsj_2276.mrg|2|40"|The Dow Jones Industrial Average jumped sharply yesterday to close at 2657.38 , [ panic ] did n't sweep the world 's markets , and investors large and small seemed to accept Friday 's dizzying 190-point plunge as a sharp correction , not a calamity .|panic|sg|NN|[u'fear.n.01']||S|[]|[]|False|[]|"[u'do', ""n't""]"|[]|['<number>', ',']|NN|False|False|False|0|False|||did|False|0.295454545455|THE|ZERO
8814|ZERO|"data/parsed/22/wsj_2276.mrg|3|9"|Many went [ bargain-hunting . ]|bargain-hunting|sg|NN|||VP|['.']|[]|False|['.']|[]|[]|['Many', u'go']|NN|False|False|False|0|False|||went|False|0.666666666667|THE|ZERO
8950|ZERO|"data/parsed/22/wsj_2276.mrg|28|4"|[ Foreign stock markets , ] which kicked off Black Monday with a huge selling spree , began the day off by relatively modest amounts .|market|pl|NN|[u'activity.n.01']||NP|[',']|['JJ', 'NN']|True|[',']|['which', u'kick']|['Foreign', 'stock']|[]|NN|False|True|False|11|False|SBAR|which|began|True|0.0|THE|ZERO
8965|ZERO|"data/parsed/22/wsj_2276.mrg|30|44"|And the widely disseminated opinion among most market experts that a crash was n't in [ store ] also helped calm investors .|store|sg|NN|[u'mercantile_establishment.n.01']||PP|[]|[]|False|[]|['also', u'help']|[]|"[""n't"", 'in']"|NN|False|False|False|0|False|||was|False|0.714285714286|THE|ZERO
8989|ZERO|"data/parsed/22/wsj_2276.mrg|34|16"|Computers have increasingly connected [ securities markets ] world-wide , so that a buying or selling wave in one market is often passed around the globe .|market|pl|NN|[u'activity.n.01']||S|[]|['NNS']|True|[]|['world-wide', ',']|[u'security']|['increasingly', u'connect']|NN|False|False|False|0|False|||world-wide|True|0.166666666667|THE|ZERO
9022|ZERO|"data/parsed/22/wsj_2276.mrg|40|36"|Clients `` are all staying out '' of the market , one [ Merrill trader ] says S .|trader|sg|NN|[u'merchant.n.01']||NP|[]|['NNP']|True|[]|[u'say', 'S']|['Merrill']|[',', 'one']|NN|False|False|False|0|False|||says|True|0.75|THE|ZERO
9027|ZERO|"data/parsed/22/wsj_2276.mrg|41|30"|The relative calm in Tokyo proved little comfort to [ markets ] opening up in Europe .|market|pl|NN|[u'activity.n.01']||NP|[]|[]|True|[]|[u'open', 'up']|[]|['comfort', 'to']|NN|False|True|False|5|False|VP|opening|proved|True|0.6|THE|ZERO
9049|ZERO|"data/parsed/22/wsj_2276.mrg|46|20"|The screen was a sea of [ red . ]|red|sg|NN|[u'chromatic_color.n.01']||PP|['.']|[]|True|['.']|[]|[]|['sea', 'of']|NN|False|False|False|0|False|||was|True|0.857142857143|THE|ZERO
9051|ZERO|"data/parsed/22/wsj_2276.mrg|47|13"|`` I see [ concern , ] but I do n't see panic , '' says J. Francis Palamara , a New Yorker who runs the 15-trader office .|concern|sg|NN|[u'interest.n.01']||VP|[',']|[]|False|[',']|['but', 'I']|[]|['I', 'see']|NN|False|False|False|0|False|||see|False|0.115384615385|THE|ZERO
9067|ZERO|"data/parsed/22/wsj_2276.mrg|50|4"|[ Futures markets ] in Chicago had opened at a level suggesting the Dow would fall by about 60 points .|market|pl|NN|[u'activity.n.01']||NP|[]|['NNS']|False|[]|['in', 'Chicago']|['Futures']|[]|NN|False|True|False|2|False|PP|in|had|False|0.0|THE|ZERO
9076|ZERO|"data/parsed/22/wsj_2276.mrg|51|56"|With sell orders piled up from Friday , about half the stocks in the Dow could n't open on [ time . ]|time|sg|NN|[u'case.n.01']||PP|['.']|[]|True|['.']|[]|[]|['open', 'on']|NN|False|False|False|0|False|||could|True|0.95|THE|ZERO
9085|ZERO|"data/parsed/22/wsj_2276.mrg|54|21"|Ten minutes later , the Dow hit [ bottom - ] down 63.52 points , another 2.5 % .|bottom|sg|NN|[u'side.n.04']||VP|[':']|[]|False|['-']|['down', '<number>']|[]|['Dow', 'hit']|NN|False|False|False|0|False|||hit|False|0.4375|THE|ZERO
9107|ZERO|"data/parsed/22/wsj_2276.mrg|58|40"|Shortly after 10 a.m. , the Major Market Index , a Chicago Board of [ Trade futures contract ] of 20 stocks designed to mimic the DJIA , exploded upward .|contract|sg|NN|[u'written_agreement.n.01']||NP|[]|['NNP', 'NNS']|False|[]|['of', '<number>']|['Trade', u'future']|['Board', 'of']|NN|False|True|False|9|True|PP|of|exploded|False|0.518518518519|THE|ZERO
9141|ZERO|"data/parsed/22/wsj_2276.mrg|67|3"|[ Japanese ] were said to be heavy buyers .|Japanese|pl|NNP|[u'asian.n.01']||S|[]|[]|False|[]|[u'be', u'say']|[]|[]|NN|True|False|False|0|False|||were||0.0|THE|ZERO
9159|ZERO|"data/parsed/22/wsj_2276.mrg|70|58"|Walt Disney Co. , which had one of the biggest sell-order imbalances on Friday and was one of [ seven stocks ] that halted trading and never reopened that day , opened yesterday late at 114.5 , down 8.5 .|stock|pl|NN|[u'framework.n.03']||NP|[]|['CD']|True|[]|['that', u'halt']|['seven']|['one', 'of']|NN|False|True|False|9|False|SBAR|that|had|True|0.486486486486|THE|ZERO
9177|ZERO|"data/parsed/22/wsj_2276.mrg|73|6"|Among [ Big Board specialists , ] the cry was `` Pull your offers '' -- meaning that specialists soon expected to get higher prices for their shares .|specialist|pl|NN|[u'expert.n.01']||PP|[',']|['NNP', 'NNP']|False|[',']|['cry']|['Big', 'Board']|['Among']|NN|False|False|False|0|False|||was|False|0.0416666666667|THE|ZERO
9226|ZERO|"data/parsed/22/wsj_2276.mrg|83|57"|Over the weekend , clearing firms told the Chicago market makers to get out of their positions at any cost [ Monday morning . ]|morning|sg|NN|[u'time_period.n.01']||VP|['.']|['NNP']|False|['.']|[]|['Monday']|['any', 'cost']|NN|False|False|False|0|False|||to|False|0.952380952381|THE|ZERO
9240|ZERO|"data/parsed/22/wsj_2276.mrg|86|33"|Charles Clough , a strategist at Merrill Lynch , says [ bargain hunting ] had explained the Dow 's strength up to that point and that many market professionals were anticipating a drop in the Dow .|hunting|sg|NN|[u'blood_sport.n.01', u'outdoor_sport.n.01']||S|[]|['NN']|False|[]|[u'have', u'explain']|['bargain']|[',', u'say']|NN|False|False|False|0|False|||had|False|0.294117647059|THE|ZERO
9272|ZERO|"data/parsed/22/wsj_2276.mrg|92|13"|I much prefer [ money ] I can put my hands on . ''|money|sg|NN|[u'medium_of_exchange.n.01']||NP|[]|[]|False|[]|['I', 'can']|[]|['much', 'prefer']|NN|False|True|False|8|False|SBAR|I|prefer|False|0.25|THE|ZERO
9289|ZERO|"data/parsed/22/wsj_2276.mrg|95|20"|Ralph Holzfaster , a farmer and [ farm-supply store operator ] in Ogallala , Neb. , says of the last few days events , `` If anything good comes out of this , it might be that it puts some of these LBOs on the skids . ''|operator|sg|NN|[u'function.n.01']||NP|[]|['JJ', 'NN']|False|[]|['in', 'Ogallala']|['farm-supply', 'store']|['farmer', 'and']|NN|False|True|False|5|False|PP|in|says|False|0.136363636364|THE|ZERO
9477|ZERO|"data/parsed/22/wsj_2278.mrg|16|64"|While anti-abortion groups are opposed to such research , scientists have said transplanting such tissue could be effective in treating [ diabetes . ]|diabetes|sg|NN|[u'polygenic_disorder.n.01']||VP|['.']|[]|False|['.']|[]|[]|['in', u'treat']|NN|False|False|False|0|False|||treating|False|0.952380952381|THE|ZERO
9484|ZERO|"data/parsed/22/wsj_2278.mrg|17|61"|Delegates from 91 nations endorsed a ban on world ivory trade in an attempt to rescue the endangered elephant from [ extinction . ]|extinction|sg|NN|[u'inaction.n.01']||PP|['.']|[]|False|['.']|[]|[]|['elephant', 'from']|NN|False|False|False|0|False|||to|False|0.952380952381|THE|ZERO
9485|ZERO|"data/parsed/22/wsj_2278.mrg|18|3"|[ Five African nations , ] however , said they would continue selling the valuable tusks .|nation|pl|NN|[u'political_unit.n.01']||S|[',']|['CD', 'JJ']|True|[',']|['however', ',']|['Five', 'African']|[]|NN|False|False|False|0|False|||said|True|0.0|THE|ZERO
9628|ZERO|"data/parsed/22/wsj_2280.mrg|1|23"|Chicago investor William Farley agreed to sell [ three divisions ] of Cluett Peabody & Co. for about $ 600 million to Bidermann S.A. , a closely held clothing maker based in Paris .|division|pl|NN|[u'army_unit.n.01']||NP|[]|['CD']|False|[]|['of', 'Cluett']|['three']|['to', 'sell']|NN|False|True|False|5|True|PP|of|to|False|0.225806451613|THE|ZERO
9683|ZERO|"data/parsed/22/wsj_2280.mrg|9|12"|But he kept [ Fruit ] of the Loom Inc. , the underwear maker that he still controls and serves as chairman and chief executive .|Fruit|sg|NN|[u'reproductive_structure.n.01']||NP|[]|[]|False|[]|['of']|[]|['he', u'keep']|NN|False|True|False|20|True|PP|of|kept|False|0.125|THE|ZERO
9756|ZERO|"data/parsed/22/wsj_2281.mrg|5|28"|U.S. holders now own more than 60 % of [ Blue Arrow ] compared with 9 % last January .|Arrow|sg|NN|[u'mark.n.10']||PP|[]|['JJ']|True|[]|[u'compare', 'with']|['Blue']|['%', 'of']|NN|False|False|False|0|False|||own|True|0.529411764706|THE|ZERO
9825|ZERO|"data/parsed/22/wsj_2281.mrg|16|3"|[ Good will ] is the excess of cost of an acquired firm , operating unit or assets over the current or fair market value of those assets .|will|sg|NN|[u'faculty.n.01']||S|[]|['JJ']|True|[]|[u'be']|['Good']|[]|NN|False|False|False|0|False|||is|True|0.0|THE|ZERO
9827|ZERO|"data/parsed/22/wsj_2281.mrg|16|21"|Good will is the excess of [ cost ] of an acquired firm , operating unit or assets over the current or fair market value of those assets .|cost|sg|NN|[u'outgo.n.01']||NP|[]|[]|False|[]|['of']|[]|['excess', 'of']|NN|False|True|False|9|True|PP|of|is|False|0.222222222222|THE|ZERO
9836|ZERO|"data/parsed/22/wsj_2281.mrg|17|61"|But with so many shares now held in the U.S. , Blue Arrow reports its earnings two ways , based on both [ U.K. ] and U.S. accounting standards .|U.K.|sg|NNP|[]||NP|[]|[]|False|[]|['and', 'U.S.']|[]|['on', 'both']|NN|True|True|False|1|False|CC|and|reports||0.785714285714|THE|ZERO
9961|ZERO|"data/parsed/22/wsj_2282.mrg|11|30"|Strong earnings growth helped achieve that price far ahead of [ schedule , ] in August 1988 .|schedule|sg|NN|[u'plan.n.01']||PP|[',']|[]|False|[',']|['in', 'August']|[]|['ahead', 'of']|NN|False|False|False|0|False|||achieve|False|0.666666666667|THE|ZERO
9981|ZERO|"data/parsed/22/wsj_2282.mrg|14|71"|Reaching that goal , says S Robert T. Foote , Applied 's chief financial officer , will require `` efficient reinvestment '' of cash by [ Applied and continuation ] of its healthy 19 % rate of return on operating capital .|continuation|sg|NN|[u'activity.n.01']||NP|[]|['NNP', 'CC']|False|[]|['of', 'its']|['Applied', 'and']|['cash', 'by']|NN|False|True|False|12|True|PP|of|will|False|0.657894736842|THE|ZERO
9983|ZERO|"data/parsed/22/wsj_2282.mrg|14|98"|Reaching that goal , says S Robert T. Foote , Applied 's chief financial officer , will require `` efficient reinvestment '' of cash by Applied and continuation of its healthy 19 % rate of [ return ] on operating capital .|return|sg|NN|[u'legal_document.n.01']||NP|[]|[]|False|[]|['on', u'operate']|[]|['rate', 'of']|NN|False|True|False|4|False|PP|on|will|False|0.875|THE|ZERO
10014|ZERO|"data/parsed/22/wsj_2282.mrg|19|66"|He also professes an `` evangelical '' fervor to develop a corporate culture that rewards managers who produce and where [ decision-making ] is shared .|decision-making|sg|NN|||S|[]|[]|False|[]|[u'be', u'share']|[]|['and', 'where']|NN|False|False|False|0|False|||is|False|0.833333333333|THE|ZERO
10019|ZERO|"data/parsed/22/wsj_2282.mrg|20|70"|Mr. Sim considers the new unit 's operations `` fundamentally sound '' and adds that Barry Wright has been fairly successful in moving into [ markets ] that have n't interested larger competitors .|market|pl|NN|[u'activity.n.01']||NP|[]|[]|True|[]|['that', 'have']|[]|[u'move', 'into']|NN|False|True|False|7|False|SBAR|that|moving|True|0.75|THE|ZERO
